S NO,DISTRICT,BLOCK NAME,SCHOOL NAME,SCHOOL ADDRESS,PINCODE
23579,VIRUDHUNAG,Kariyapatti,PANCHAYAT UNION MIDDLE SCHOOL VARALOTTI,AGRAHARAM STREETVARALOTTI,626109
23580,VIRUDHUNAG,Kariyapatti,"PANCHAYAT UNION MIDDLE SCHOOL, A. THOTTIYANKULAM","A. THOTTIYANKULAM, KARIYAPATTI",626106
23581,VIRUDHUNAG,Kariyapatti,"PANCHAYAT UNION MIDDLE SCHOOL, ACHANKULAM","PUMS Achankulam,
Manthoppu, KARIYAPATTI,",626104
23582,VIRUDHUNAG,Kariyapatti,"PANCHAYAT UNION MIDDLE SCHOOL, ARASAKULAM",ARASAKULAM,626115
23583,VIRUDHUNAG,Kariyapatti,"PANCHAYAT UNION MIDDLE SCHOOL, KAMBIKUDI","kambikkudi post kariyapatti taluk , virudhunagar dist",626106
23584,VIRUDHUNAG,Kariyapatti,"PANCHAYAT UNION MIDDLE SCHOOL, KARIAPATTI","PUMS KARIYAPATTI
KARIYAPATTI
PVUIRMUSDkHeUelNaaAlaGgiAaRnallur,",626106
23585,VIRUDHUNAG,Kariyapatti,"PANCHAYAT UNION MIDDLE SCHOOL, KEELA ALAGIANALLUR","kariyapatti, VIRUDHUNAGAR.",626109
23586,VIRUDHUNAG,Kariyapatti,"PANCHAYAT UNION MIDDLE SCHOOL, MANGULAM UDAIKULAM",mangulam udaikulamkurandi,626115
23587,VIRUDHUNAG,Kariyapatti,"PANCHAYAT UNION MIDDLE SCHOOL, MEENATCHIPURAM",kambikudi postkariyapatti taluk,626106
23588,VIRUDHUNAG,Kariyapatti,"PANCHAYAT UNION MIDDLE SCHOOL, MELAKKALANKULAM","PANCHAYAT UNION MIDDLE SCHOOL,
MELAKKALANKULAM, Kariapatti Union, Virudhunagar District",626106
23589,VIRUDHUNAG,Kariyapatti,"PANCHAYAT UNION MIDDLE SCHOOL, MURUGAIYAPURAM","PUMS MURUGAIYAPURAM\K.Puthur (po) Thiruchuli (via), kariapatti (TK)",626129
23590,VIRUDHUNAG,Kariyapatti,"PANCHAYAT UNION MIDDLE SCHOOL, PAPPANAM",PappanamV. Nangoor,626106
23591,VIRUDHUNAG,Kariyapatti,"PANCHAYAT UNION MIDDLE SCHOOL, SURANOOR","PUMS SOORANUR \MUDUKKANKULAM-POST
KARIYAPATTI TALUK VIRUDHUNAGAR DIST",626106
23592,VIRUDHUNAG,Kariyapatti,"PANCHAYAT UNION MIDDLE SCHOOL, T. CHETTIKULAM",T. CHETTIKULAMKARIAPATTI,626106
23593,VIRUDHUNAG,Kariyapatti,"PANCHAYAT UNION MIDDLE SCHOOL, T. VEPPANKULAM","t.veppankulam, kariapatti",626106
23594,VIRUDHUNAG,Kariyapatti,"PANCHAYAT UNION MIDDLE SCHOOL, THOPPUR","PUMS THOPPUR
CHITHUMOONDRADAIPPU KARIYAPATTI",626106
23595,VIRUDHUNAG,Kariyapatti,"PANCHAYAT UNION MIDDLE SCHOOL, VAKKANANKUNDU",PUMS VAKKANANGUNDU KARIYAPATTI-626104,626104
23596,VIRUDHUNAG,Kariyapatti,"SARVA SEVA MATRICULATION SCHOOL, THONUGAL","SARVA SEVA MATRIC HS,
VAKKANANGUNDU  POST, KARIYAPATTI TALUK,",626104
23597,VIRUDHUNAG,Kariyapatti,"SRI SABARI NATIONAL SCHOOL, KARIAPATTI",kazhuvanacheri Road\Kariapatti,626106
23598,VIRUDHUNAG,Kariyapatti,ST.MARYS MATRICULATION SCHOOL KARIAPATTI,"ST.MARY'S MATRICULATION SCHOOL
Kallikudi Road, Kariapatti VIRUDHUNAGAR",626106
23599,VIRUDHUNAG,Kariyapatti,SUNDRAM MATRICULATION HR. SEC. SCHOOL KRISHNAPURAM AVIYUR,"Krishnapuram, Aviyur",626115
23600,VIRUDHUNAG,Narikudi,ASMA MATRICULATION HIGH SCHOOL VEERACHOLAN,"Asma Nagar, VarisaiyurVeeracholan",626612
23601,VIRUDHUNAG,Narikudi,GHS IRUNCHIRAI,"GOVT. HIGH SCHOOL, IRUNCHIRAITIRUCHULI TALUK, VIRUDHUNAGAR Dt.",626612
23602,VIRUDHUNAG,Narikudi,GHS MUTHURAMALINGAPURAM,MUTHURAMALINGAPURAMMANDALAMANICKAM POST,623605
23603,VIRUDHUNAG,Narikudi,GHS SIRUVANOOR,"siruvanoor  ,narikkudi via,  thiruchuli tk",626607
23604,VIRUDHUNAG,Narikudi,GHS ULUTHIMADAI,"GHS,Uluthimadai,Thiruculi Thalk, Virudhunagar
DTGHS&lt;Uluthimadai, Thirupasethi Via,Thiruculi Thalk, Virudhunagar",630610
23605,VIRUDHUNAG,Narikudi,GHSS ANAIKULAM,AnaikulamTiruchuli,626129
23606,VIRUDHUNAG,Narikudi,GHSS ILUPPAIYUR,ILUPPAIYURTRICHULI(Via),626129
23607,VIRUDHUNAG,Narikudi,GHSS KATTANOOR,kattanurkattanur,630610
23608,VIRUDHUNAG,Narikudi,GHSS ULAKUDI,MAIN ROADULAKUDI,626607
23609,VIRUDHUNAG,Narikudi,GHSS VEERACHOLAN,KAMUTHI ROADVEERACHOLAN,626612
23610,VIRUDHUNAG,Narikudi,"GHSS, PANAIYUR",PANAIYURPANAIYUR,626129
23611,VIRUDHUNAG,Narikudi,"GOVERNMENT HIGH SCHOOL , S.VALLAKULAM","S.VALLAKULAM PIDARISERI(POST) PARTHIBANOOR
VIA,
PVIILRLUADIYHAURNKAUGLAARMDISTRICT - 623608",623608
23612,VIRUDHUNAG,Narikudi,GOVERNMENT HIGH SCHOOL PILLAIYARKULAM,THIRUCHULI TK VIRUDHUNAGAR DT,630611
23613,VIRUDHUNAG,Narikudi,"GOVERNMENT HIGH SCHOOL, NALOOR",GHS NALUR THIRUCHULI TK,626607
23614,VIRUDHUNAG,Narikudi,GOVT HIGH SCHOOL PULVOIKARAI,pulvaikarai,630611
23615,VIRUDHUNAG,Narikudi,"KASTURBA GANDHI BALIKA VIDYALAYA, A.MUKKULAM",A.Mukkulam Thiruppuvanam (po),630611
23616,VIRUDHUNAG,Narikudi,"KASTURBA GANDHI BALIKA VIDYALAYA, ANAIKULAM",Trichuli TalukAnaikulam,626129
23617,VIRUDHUNAG,Narikudi,"KASTURBA GANDHI BALIKA VIDYALAYA, NARIKUDI","KK MANIKAM COLONYPETROL BACK SIDE, NARIKUDI",626607
23618,VIRUDHUNAG,Narikudi,"MARUTHUPANDIAR GOVERNMENT HR SEC SCHOOL, NARIKUDI","Maruthupandiyar Govt.Hr.Sec.School,NarikudiNarikudi",626607
23619,VIRUDHUNAG,Narikudi,P.K.M.I. GHSS A MUKKULAM,"PKMI GOVT HR SEC SCHOOL, A.MUKKULAM.",630611
23620,VIRUDHUNAG,Narikudi,"PANCHAYAT UNION MIDDLE SCHOOL, SULLANGUDI",NALLUKURUCHI PANCHAYAT VEERACHOLAN POST.,626612
23621,VIRUDHUNAG,Narikudi,"PANCHAYAT UNION MIDDLE SCHOOL, THIMMAPURAM","V NANGOOR POST
KARIYAPATTI TK VIRUDHUNAGAR DT",626106
23622,VIRUDHUNAG,Narikudi,PUMS  MARAIYUR,"panchayat union middle school, Maraiyur. panchayat union middle school, Maraiyur",626107
23623,VIRUDHUNAG,Narikudi,PUMS AMMANPATTI,AmmanpattiIlluppaiyur,623603
23624,VIRUDHUNAG,Narikudi,PUMS CHELLAIYAPURAM,panchayat union middle school chellaiyapuramNarikudi union anaikulam(P.O),626129
23625,VIRUDHUNAG,Narikudi,PUMS CHOTTAMURI,"P.U.M.S.CHOTTAMURI ,ESALI (P.O)",626607
23626,VIRUDHUNAG,Narikudi,PUMS KUMILANGULAM,Melakumilangulam\ESALI post,626607
23627,VIRUDHUNAG,Narikudi,PUMS MELAPARUTHIYUR,MelaparuthiyurVEERACHOLAN  PO,626612
23628,VIRUDHUNAG,Narikudi,PUMS MINAKULAM,"PUMS,MINAKULAMVEERACHOZHAN POST",626612
23629,VIRUDHUNAG,Narikudi,PUMS OTTANKULAM,"PUMSchool,ottankulam.Veeracholan (P O)",626612
23630,VIRUDHUNAG,Narikudi,PUMS RENGAIYANPATTI,RengaiyanpattyPanaiyur,626129
23631,VIRUDHUNAG,Narikudi,PUMS SEMPONNERUNCHI,"Panchayat Union Middle School, SemponnerunchiAnaikulam post",626129
23632,VIRUDHUNAG,Narikudi,PUMS THATCHANENDAL,"PUMS THATCHANENDAL,
VAYALSERI POST VIRUDHUNAGAR DISTRICT",630611
23633,VIRUDHUNAG,Narikudi,PUMS V ALANKULAM,"PUMS, V.ALANGULAMVEERACHOLAN (P.O), VIRUDHUNAGAR DISTRICT",626612
23634,VIRUDHUNAG,Narikudi,PUMS VARISAIYUR,NARIKUDI UNION\VEERACHOLAN (POST) THIRUCHULI TALUK,626612
23635,VIRUDHUNAG,Narikudi,PUMS VEERACHOLAN WEST,pumschool veeeracholan west veeracholan narikudi unionnarikudi virudhunagar district,626612
23636,VIRUDHUNAG,Narikudi,PUMS. KANAYAMARITHAN,"panchayat union middle school kanayamarithanNarikudi union
.cinnakannanoor (P.O)",630606
23637,VIRUDHUNAG,Narikudi,PUMS. MANOOR,ULAKUDI(PO)ARIKUDI BLOCK,626607
23638,VIRUDHUNAG,Narikudi,PUMS. MUTHANERI,MUTHANERIARIKKIUDI(PO),626607
23639,VIRUDHUNAG,Narikudi,PUMS. SETHURAYANENTHAL,Pums.sethurayanendalmariyur p.o,626607
23640,VIRUDHUNAG,Narikudi,PUMS. T.VELANKUDI,Pums t.velangudit.velangudi p.o,626612
23641,VIRUDHUNAG,Narikudi,PUMS. UDAYASERVAIKARANPATTI,"PANCHAYAT UNION MIDDLE SCHOOL, UDAIYASERVAKARANPATTI.",626177
23642,VIRUDHUNA GAR,Narikudi,PUPS. THIRUMANICKANENTHAL,"PUPS, THIRUMANIKKANENDAL",
23643,VIRUDHUNAG,Rajapalayam,"A.A.G.M HIGH SCHOOL, SANGARAPANDIAPURAM","south street, sankarapandiapuramrajapalayam taluk",626102
23644,VIRUDHUNAG,Rajapalayam,"A.K.D.D.MID SCH, RAJAPALAYAM",173\BIG BAZAAR STREET,626117
23645,VIRUDHUNAG,Rajapalayam,"ANANDA VIDYALAYA MATRICULATON HSS, RAJAPALAYAM","7/162, AYYANAR KOVIL SALAI,  RAJAPALAYAM",626117
23646,VIRUDHUNAG,Rajapalayam,ARUMUGAM PALANIGURU MODERN SCHOOL CHATRAPATTI,"360/4 NATHAMPATTI ROAD,CHATRAPATTI",626102
23647,VIRUDHUNAG,Rajapalayam,"CASA DI MIR MATRICULATON HSS, RAJAPALAYAM","MARUDHU NAGAR WEST, AYYANAR KOVIL ROAD, RAJAPALAYAM",626117
23648,VIRUDHUNAG,Rajapalayam,"CHINMAYA VID P.A.C.R MAT HSS, RAJAPALAYAM",TENKASI ROADRAJAPALAYAM,626117
23649,VIRUDHUNAG,Rajapalayam,"CHINMAYA VIDYALAYA SLR MAT HSS, RAJAPALAYAM","Lingammal Ramaraju Salai, Rotary NagarAyyanar Kovil Road, Rajapalayam",626117
23650,VIRUDHUNAG,Rajapalayam,"GANDHI MIDDLE SCHOOL, RAJAPALAYAM",GANDHI MIDDLE SCHOOL SANKARANKOVIL ROAD 3RD STREET,626117
23651,VIRUDHUNAG,Rajapalayam,"GHSS (B), CHATRAPATTI",RAJAPALAYAM-ALANGULAM ROADCHATRAPATTI,626102
23652,VIRUDHUNAG,Rajapalayam,"GHSS (G), CHATRAPATTI",GNANIYAR KOVIL STREETCHATRAPATTI,626102
23653,VIRUDHUNAG,Rajapalayam,"GHSS, CHOKKANATHANPUTHUR",CHOKKANATHANPUTHURRAJAPALAYAM,626121
23654,VIRUDHUNAG,Rajapalayam,"GHSS, KILAVIKULAM","Govt.hr.sec.school, Kilavikulam",626139
23655,VIRUDHUNAG,Rajapalayam,"GHSS, NALLAMANAICKERPATTI","NallammanikenpattiRajapalayam(Taluk), Virudhunagar",626102
23656,VIRUDHUNAG,Rajapalayam,"GOVERNMENT HIGH SCHOOL, AYANKOLLANKONDAN","1/1,NORTH STREET,AYANKOLLANKONDAN",626142
23657,VIRUDHUNAG,Rajapalayam,"GOVERNMENT HIGH SCHOOL, MOUNT ZION",Cholapuram south postRajapalayam Taluk,626139
23658,VIRUDHUNAG,Rajapalayam,"GOVERNMENT HIGH SCHOOL, SIVAKAMIPURAM",GHS SIVAKAMIPURAMGHS SIVAKAMIPURAM,626102
23659,VIRUDHUNAG,Rajapalayam,"GOVERNMENT HIGH SCHOOL, THIRUVALLUVAR NAGAR",GOVT HIGH SCHOOLTHIRUVALLUVARNAGAR,626117
23660,VIRUDHUNAG,Rajapalayam,"GOVERNMENT HIGHER SECONDARY SCHOOL, SIVALINGAPURAM","GHSS, SivalingapuramVadakari",626137
23661,VIRUDHUNAG,Rajapalayam,"GOVT A.D.W HR SEC SCHOOL, SUNDARARAJAPURAM","1,school streetsundhararajapuram",626142
23662,VIRUDHUNAG,Rajapalayam,"GOVT HR SEC SCHOOL, SEITHUR",PAPPANKINATRU ST - 33260612778SEITHUR,626121
23663,VIRUDHUNAG,Rajapalayam,"HARISH MATRIC HSS, SANGAMPATTI",Sangampattis.thirukothaiyapuram,626136
23664,VIRUDHUNAG,Rajapalayam,"K.H.N.U.P.KAMARAJ. HR SEC SCHOOL, KRISHNAPURAM","1/60, MARIAMMAN KOVIL STREETKRISHNAPURAM, RAJAPALAYAM (TK), VIRUDHUNAGAR (DT)",626142
23665,VIRUDHUNAG,Rajapalayam,"K.P.A. MID SCHOOL, RAJAPALAYAM","109,karuppananiyar kovil st-9715610871",626117
23666,VIRUDHUNAG,Rajapalayam,"KALVI THANTHAI KAMARAJAR VIDHYASALA MATRICULATION SCHOOL, RAJAPALAYAM","38, Madurai RoadRajapalayam",626117
23667,VIRUDHUNAG,Rajapalayam,"LIVING HOPE MATRIC SCHOOL, MOUNT ZION","MOUNT ZION, CHOLAPURAM SOUTH PO\RAJAPALAYAM",626139
23668,VIRUDHUNAG,Rajapalayam,"M.M.AVUDAI AMMAL MID SCH, RAJAPALAYAM","18A,chinnaiya raja street18A,chinnnaiya raja street",626117
23669,VIRUDHUNAG,Rajapalayam,"M.N.NADAR HIGH SCH, MELAVARAGUNARAMAPURAM",MELAVARAGUNARAMAPURAMPUTHUR (POST),626111
23670,VIRUDHUNAG,Rajapalayam,"MAHARISHI VID MAT HSS,RAJAPALAYAM",561 Chenbagathoppu RoadRajapalayam,626117
23671,VIRUDHUNAG,Rajapalayam,"MIRASU VEERAPPA NAIDU VIDYALAYA MATRICULATION SCHOOL, CHETTIYARPATTI","Muhavur Main Road, Chettiyarpatti.",626188
23672,VIRUDHUNAG,Rajapalayam,"MURUGAN MID SCH, RAJAPALAYAM","36,SANNATHI STREETAVRAMPATTI,RAJAPALAYAM",626117
23673,VIRUDHUNAG,Rajapalayam,N.A ANNAPPARAJA MEMORIAL H S S RAJAPALAYAM,"1111, Madurai Road,Rajapalayam-626117",626117
23674,VIRUDHUNAG,Rajapalayam,"N.A PAPPURAJA MEMORIAL MIDDLE SCHOOL, RAJAPALAYAM","152/153T P MILLS ROAD,COTTON MARKET",626117
23675,VIRUDHUNAG,Rajapalayam,"NADAR HR SEC SCHOOL, RAJAPALAYAM",RAILWAY FEEDER ROADRAJAPALAYAM,626117
23676,VIRUDHUNAG,Rajapalayam,"NADAR HSS, ZAMIN KOLLANKONDAN",1/150 Ration kadai streetZaminkollan kondan,626142
23677,VIRUDHUNAG,Rajapalayam,"NADAR MATRIC HSS, RAJAPALAYAM","7/151,Ayyanar Kovil RoadRajapalayam",626117
23678,VIRUDHUNAG,Rajapalayam,"NATARAJA MID SCH, RAJAPALAYAM","186B,Sankarapandiapuram streetRajapalayam",626117
23679,VIRUDHUNAG,Rajapalayam,"NAVA BHARATH MATRIC HIGHER SECONDARY SCHOOL, S.RAMALINGAPURAM",MUDHUKUDI TO SAMUSIGAPURAM ROADRANI MANGAMMAL SALAI,626102
23680,VIRUDHUNAG,Rajapalayam,"P.A.C.M HR SEC SCHOOL, RAJAPALAYAM","PSK NAGAR, RAJAPALAYAMK.R.NAGAR",626108
23681,VIRUDHUNAG,Rajapalayam,"P.A.C.R AMMANI AMMAL(G) HR SEC SCHOOL, RAJAPALAYAM",K R NAGAR POSTRAJAPALAYAM,626108
23682,VIRUDHUNAG,Rajapalayam,"P.P.S.A HINDU MIDDLE SCHOOL, RAJAPALAYAM",78Jawahar Maidanam Street,626117
23683,VIRUDHUNAG,Rajapalayam,P.U.M.S PANCHAMPATTI,pottalpatti p.opanchampatti,626111
23684,VIRUDHUNAG,Rajapalayam,"P.U.M.S, AMMAIYAPPAPURAM","PUMS,AMMAIYAPPAPURAMCHETTIYARPATTI POST",626122
23685,VIRUDHUNAG,Rajapalayam,"P.U.M.S, DEVADANAM",kumaran koil streetdevathanam,626121
23686,VIRUDHUNAG,Rajapalayam,"P.U.M.S, GOPALAPURAM","PANCHAYAT UNION MIDDLE SCHOOL, GOPALAPURAM(POST)       Pin Code-626136",626136
23687,VIRUDHUNAG,Rajapalayam,"P.U.M.S, SOUTH VENGANALLUR","PU MIDDLE SCHOOL, SOUTHVENGANALLUR, RAJAPALAYAM",626142
23688,VIRUDHUNAG,Rajapalayam,"P.U.M.S,ASILAPURAM",Cholapuram postRajapalayam Taluk,626139
23689,VIRUDHUNAG,Rajapalayam,"PALANIAPPA HSS, CHOLAPURAM",cholapuram south postRajapalayam,626139
23690,VIRUDHUNAG,Rajapalayam,PERUNTHALAIVAR KAMARAJAR HSS MEENATICHIYAPURAM,"3/157,main roadmeeenakshipuram",626111
23691,VIRUDHUNAG,Rajapalayam,"PERUNTHALAIVAR KAMARAJAR MATRICULATON HR SEC SCHOOL, THALAVAIPURAM","1/53 A10,Kamarajar nagar streetThalavaipuram",626188
23692,VIRUDHUNAG,Rajapalayam,"R.V THEVAR M.G HR SEC SCHOOL, CHOLAPURAM","THIRU R.V THEVAR MEMORIAL GIRLS HR.SEC.SCHOOL, CHOLAPURAM(SOUTH)",616139
23693,VIRUDHUNAG,Rajapalayam,"RC HR SEC SCHOOL, MEENACHIPURAM","MEENAKSHIPURAM,MUHAVUR(VIA),RAJAPALAYAM(TK
),VIRDHUNAGAR(DIST).MEENAKSHIPURAM,MUHAVUR( VIA),RAJAPALAYAM(TK),VIRDHUNAGAR(DIST).",626111
23694,VIRUDHUNAG,Rajapalayam,"S.S.H.N.HR.SEC.SCHOOL, MUHAVUR","S S HINDU NADAR HR SEC SCHOOL, MUHAVURS S HINDU NADAR HR SEC SCHOOL, MUHAVUR",626111
23695,VIRUDHUNAG,Rajapalayam,"SAKKA RAJA KOTTAI MID SCH, RAJAPALAYAM",35 mathang kovil streetRajapalayam,626117
23696,VIRUDHUNAG,Rajapalayam,"SIVAKAMI HIGH SCHOOL, RAJAPALAYAM","71, Kamatchi Aamman Kovil St, Rajapalayam",626117
23697,VIRUDHUNAG,Rajapalayam,"SIVANTHI ATHITHANAR HIGH SCHOOL, KOVILUR","main road.Koviloormani road,kOVILOOR",626121
23698,VIRUDHUNAG,Rajapalayam,"SRI ANNAI VIDYALAYA MATRICULATION SCHOOL, CHETTIYARPATTI",PUTHUR MAIN ROAD CHETTIYARPATTI,626122
23699,VIRUDHUNAG,Rajapalayam,"SRI KRISHNASAMY MID.S, RAJAPALAYAM","49, SEVALPATTI SOUTH STREETRAJAPALAYAM",626117
23700,VIRUDHUNAG,Rajapalayam,"SRI P.S.KUMARASAMY RAJA MEMORIAL GIRLS HIGH SCHOOL, RAJAPALAYAM",PS KUMARASAMYRAJA MEMORIAL HIGH SCHOOL SUBBARAJAMADAM STREET RAJAPALAYAM,626117
23701,VIRUDHUNAG,Rajapalayam,"SRI RAMANA ACADEMY SENIOR SECONDARY CBSE, RAJAPALAYAM","RAMANA NAGARK.R.NAGAR POST, RAJAPALAYAM",626108
23702,VIRUDHUNAG,Rajapalayam,"SRI RAMANA VIDYALAYA MONTESSORI MATRIC HSS, RAJAPALAYAM","RAMANA NAGAR, K.R.NAGAR - PORAJAPALAYAM",626108
23703,VIRUDHUNAG,Rajapalayam,"SRI RAO BAHADUR A.K.D.DHARMARAJA BOYS HR SEC SCHOOL, RAJAPALAYAM","35/45, MADASAMY KOVIL STREETRAJAPALAYAM",626117
23704,VIRUDHUNAG,Rajapalayam,"SRI RAO BAHADUR A.K.D.DHARMARAJA GIRLS HR.SEC.SCHOOL, RAJAPALAYAM","152/311, RAILWAY FEEDER ROADRAJAPALAYAM",626117
23705,VIRUDHUNAG,Rajapalayam,"SSG(B)HSS, RAJAPALAYAM","SS GOVT (B) HSS, RAILWAY FEEDER ROAD, RAJAPALAYAAM",626117
23706,VIRUDHUNAG,Rajapalayam,"SSG(G)HSS,RAJAPALAYAM",TENKASI ROADRAJAPALAYAM,626117
23707,VIRUDHUNAG,Rajapalayam,"ST ANTONYS MATRIC SCHOOL, CHETTIYARPATTI","29-P5,PARAI STREETCHETTIYARPATTI,THALAVAIPURAM",626122
23708,VIRUDHUNAG,Rajapalayam,"ST JOSEPH MID SCH, SUNDARANATCHIYARPURAM",sundaranachiarpuramRajapalayam Taluk,626142
23709,VIRUDHUNAG,Rajapalayam,ST.JOSEPH INTERNATIONAL SCHOOL RAJAPALAYAM,"Mother Virginammal Garden,RS.No:570, South Venganallur VillageTirunelveli Road, Rajapalayam, Virudhunagar",626117
23710,VIRUDHUNAG,Rajapalayam,"T.D.T.A.M.S, POTTALPATTI",Ramakrishnapuram RoadSrivilliputhur,626125
23711,VIRUDHUNAG,Rajapalayam,"T.N.P.M.M.A.N (G).H.S.S, THALAVAIPURAM","75A/1,RAJAPALAYAM MAIN ROAD THALAVAIPURAM",626188
23712,VIRUDHUNAG,Rajapalayam,"T.N.P.M.MARIMUTHU NADAR HR.SEC.SCHOOL, THALAVAIPURAM","73 J,Rajapalayam main roadDhalavoipuram",626188
23713,VIRUDHUNAG,Rajapalayam,"VANIGA VYSIAR HIGH SCHOOL, RAJAPALAYAM","251, KOORAI PILLAIYAR KOVIL STREET ,
RAJAPALAYAM251 KOORAI PILLAIYAR KOVIL STREET , RAJAPALAYAM",626117
23714,VIRUDHUNAG,Rajapalayam,"VIII WARD MUNICIPAL MID SCH, RAJAPALAYAM",SEETHAKATHI STREETSAMMANTHAPURAM,626117
23715,VIRUDHUNAG,Sattur,"AYIRA VYSIA BOYS HR SEC SCHOOL, SATTUR","66,PERUMAL KOVIL SOUTH CAR STREET,\SATTUR",626203
23716,VIRUDHUNAG,Sattur,"DR. RADHAKRISHNAN MATRIC HIGHER SECONDARY SCHOOL, SATTUR","126,Railway Feeder Road, SATTUR",626203
23717,VIRUDHUNAG,Sattur,"GOVERNMENT HIGH SCHOOL, K.METTUPATTI","GOVT HIGH SCHOOL
K METTUPATTI, SATTUR  TALUK.",626202
23718,VIRUDHUNAG,Sattur,"GOVERNMENT HIGH SCHOOL, KANMAISURANGUDI",kanmaisurangudio mettupatti (p.o),626203
23719,VIRUDHUNAG,Sattur,"GOVERNMENT HIGH SCHOOL, MELAPUDHUR","GHS,MELAPUDHUR,PUTHUSURENGUDI(post),SATTUR(TK
),VIRUDHUNAGAR GHS,MELAPUDHUR,PUTHUSURENGUDI(post),SATTUR(TK",626203
23720,VIRUDHUNAG,Sattur,"GOVERNMENT HIGH SCHOOL, MUTHALNAICKANPATTI",MUTHALNAICKANPATTI\SATTUR,626203
23721,VIRUDHUNAG,Sattur,"GOVERNMENT HIGH SCHOOL, N.G.O.COLONY",chennai to kaniyakumari roadpillaiyar temple,626203
23722,VIRUDHUNAG,Sattur,"GOVERNMENT HIGH SCHOOL, NATHATHUPATTI",GOVT HIGH SCHOOLNATHATHUPATTI,626202
23723,VIRUDHUNAG,Sattur,"GOVERNMENT HIGH SCHOOL, PERIYA KOLLAPATTI","GOVT HIGH SCHOOL ,PERIYAKOLLAPATTI",626203
23724,VIRUDHUNAG,Sattur,"GOVERNMENT HIGH SCHOOL, POTHIREDDIPATTI","Pothireddipattii , sattur taluk.",626203
23725,VIRUDHUNAG,Sattur,"GOVERNMENT HIGH SCHOOL, PUDHUSURANGUDI","surangudi post,sattur taluk , Virudhunagar dist",626203
23726,VIRUDHUNAG,Sattur,"GOVERNMENT HIGH SCHOOL, THERKUR","GHS THERKUR, SATTUR",626203
23727,VIRUDHUNAG,Sattur,"GOVERNMENT HIGH SCHOOL, THOTTILOVANPATTI","GOVT HIGH SCHOOL,THOTTILOVANPATTI,NALLI (P),SATTUR TALUK,VIRUDHUNAGAR -626205",626205
23728,VIRUDHUNAG,Sattur,"GOVERNMENT HIGHER SECONDARY SCHOOL, CHINNAKKAMANPATTI",ChinnakkamanpattiSattur,626189
23729,VIRUDHUNAG,Sattur,"GOVERNMENT HIGHER SECONDARY SCHOOL, MUTHARPATTI",GHSS MUTHARPATTIKOSUKUNDU PO,626202
23730,VIRUDHUNAG,Sattur,"GOVERNMENT HIGHER SECONDARY SCHOOL, N.SUBBAIYAPURAM","GHSS, N.SUBBIAHPURAMSATTUR(TK)",626205
23731,VIRUDHUNAG,Sattur,"GOVERNMENT HIGHER SECONDARY SCHOOL, NALLI",GHSS  NALLI - 33261108204NALLI,626205
23732,VIRUDHUNAG,Sattur,"GOVERNMENT HIGHER SECONDARY SCHOOL, O.METTUPATTI","GHSS, O.METTUPATTI, SATTUR BLOCK, VIRUDHUNAGAR DIST.",626203
23733,VIRUDHUNAG,Sattur,"GOVERNMENT HIGHER SECONDARY SCHOOL, PADANTHAL","PADANTHALSATTUR - TALUK, VIRUDHUNAGAR",626203
23734,VIRUDHUNAG,Sattur,"GOVERNMENT HIGHER SECONDARY SCHOOL, UPPATHUR",NORTH STREET\UPPATHUR,626205
23735,VIRUDHUNAG,Sattur,"GVJ INTERNATIONAL SCHOOL.,N.VENKADESWARAPURAM",No. 6 Uppathur VilakkuSattur Taluk,626205
23736,VIRUDHUNAG,Sattur,"HINDU MIDDLE SCHOOL, VENKATACHALAPURAM",HMS VENKADACHALAPURAM SATTURVIRUDHUNAGAR,626203
23737,VIRUDHUNAG,Sattur,"KAMMA MAHAJANA TRUST GIRLS HIGHER SECONDARY SCHOOL, VENKATACHALAPURAM",VENKATACHALAPURAMSATTUR,626203
23738,VIRUDHUNAG,Sattur,"KCAD CHIDAMBARAM GNANAGIRI
MATRICULATION HIGHER SECONDARY SCHOOL, SATTUR","74,Ethel Harvey Road,sattur",626203
23739,VIRUDHUNAG,Sattur,"LALITHA LAL BAHADUR SHASTRI PUBLIC SCHOOL, SADAYAMPATTI","N.H-7 EAST SERVICE ROAD, RAJIV GANDHI NAGARSADAYAMPATTI, SATTUR",626203
23740,VIRUDHUNAG,Sattur,LITTLE BUDS UNIQUE MATRICULATION SCHOOL,,
23741,VIRUDHUNAG,Sattur,"M.M VIDYASHRAM, SATTUR","NH 44, 3/465, R.K.NAGAR THOTTILOVANPATTINALLI POST , SATTUR TALUK,VIRUDHUNAGAR DISTRICT",626205
23742,VIRUDHUNAG,Sattur,"MPL. HIGHER SECONDARY SCHOOL, MELAGANDHI NAGAR","PERIYAR NAGAR, VIRUDHUNAGAR",626203
23743,VIRUDHUNAG,Sattur,"MPL. MIDDLE SCHOOL, SATTUR","MUNICIPAL MIDDLE SCHOOL
VELLAIKARAI SALAI SATTUR",626203
23744,VIRUDHUNAG,Sattur,"OXFORD MATRICULATION SCHOOL, SATTUR","1-1A,1B VELLAKARI ROAD,4 TH STREET",626203
23745,VIRUDHUNAG,Sattur,"PANCHAYAT UNION MIDDLE SCHOOL, A.RAMALINGAPURAM",PUMS A RAMALINGAPURAMA. RAMALINGAPURAM PO,626203
23746,VIRUDHUNAG,Sattur,"PANCHAYAT UNION MIDDLE SCHOOL, AYAN CHATRAPATTI",pum schoolchatrapatti,626204
23747,VIRUDHUNAG,Sattur,"PANCHAYAT UNION MIDDLE SCHOOL, CHINDAPALLI",MAIN ROAD CHINDAPALLI,626203
23748,VIRUDHUNAG,Sattur,"PANCHAYAT UNION MIDDLE SCHOOL, IRUKKANKUDI","IRUKKANKUDISATTUR,VIRUTHUNAGAR",626202
23749,VIRUDHUNAG,Sattur,"PANCHAYAT UNION MIDDLE SCHOOL, K.CHOKKALINGAPURAM","K.CHOCKALINGAPURAM, SATTUR- TKVIRUDHUNAGAR DT",626202
23750,VIRUDHUNAG,Sattur,"PANCHAYAT UNION MIDDLE SCHOOL, METTAMALAI",MIDDLE STREET         METTAMALAI  SATTUR VNR DIST,626203
23751,VIRUDHUNAG,Sattur,"PANCHAYAT UNION MIDDLE SCHOOL, NAMBIRAJAPURAM","PANCHAYAT UNION MIDDLE SCHOOL,
NAMBIRAJAPURAM AMIRPALAYAM, SATTUR (TK)",626203
23752,VIRUDHUNAG,Sattur,"PANCHAYAT UNION MIDDLE SCHOOL, SIRUKULAM",SIRUKULAMSATTUR TALUK,626202
23753,VIRUDHUNAG,Sattur,"PANCHAYAT UNION MIDDLE SCHOOL, SIVANANAINTHAPURAM","PANCHAYAT UNION MIDDLE SCHOOL, SIVANANAINTHAPURAM, SATTUR TK - 626205",626203
23754,VIRUDHUNAG,Sattur,"S. GURUSAMY NADAR KRISHNAMMAL MEMORIAL MIDDLE SCHOOL, SATTUR","31 -A,  KATTUPUDHU STREET, SATTUR, VNR DIST.",626203
23755,VIRUDHUNAG,Sattur,"S.H.N. EDWARD HIGHER SECONDARY SCHOOL, SATTUR","388,MAINROAD,SATTUR388,MAINROAD,SATTUR",626203
23756,VIRUDHUNAG,Sattur,"S.H.N. EDWARD MIDDLE SCHOOL, SATTUR","470, OLD TRUNK ROADSATTUR",626203
23757,VIRUDHUNAG,Sattur,"S.H.N. ETHEL HARVEY GIRLS HIGHER SECONDARY SCHOOL, SATTUR",RAILWAY FEEDER ROADSATTUR,626203
23758,VIRUDHUNAG,Sattur,"S.R.GOVERNMENT HIGHER SECONDARY SCHOOL, N.METTUPATTI","N.Mettupatti, Nenmeni(PO), Sattur(TK),Virudhunagar Dist",626202
23759,VIRUDHUNA GAR,Sattur,SATTUR KMT VIDHYALAYA,"KMT VIDHYALAYA CBSE, Venkatachalapuram, Sattur, Tamil Nadu",
23760,VIRUDHUNAG,Sattur,"SOUTHSIDE INTERNATIONAL SCHOOL, METTAMALAI","2/557-D,KRR NAGAR, METTAMALAI, SATTUR TK,
VIRUDHUNAGAR DISTRICT2/557-D,KRR NAGAR, METTAMALAI, SATTUR TK, VIRUDHUNAGAR DISTRICT",626203
23761,VIRUDHUNAG,Sattur,"SOUTHSIDE MATRICULATION HIGHER SECONDARY SCHOOL, METTAMALAI","2/557 - A, KRR NAGARMETTAMALAI",626203
23762,VIRUDHUNAG,Sattur,"SRI VENKATESWARA MATRICULATION SCHOOL, SATTUR",498 -A PERIYAR NAGARSATTUR,626203
23763,VIRUDHUNAG,Sattur,"SRIKARA VIDHYA MANDHIR SENIOR SECONDARY SCHOOL, SIVANANAINTHAPURAM","Shrikarra Nagar, Sivananainthapuram, N.HAvalnatham PO, Sattur Taluk, Virudhunagar District",628502
23764,VIRUDHUNAG,Sattur,"ST. STANISLAUS HIGHER SECONDARY SCHOOL, SATTUR",45 mannarkottai road sattur 45 mannarkottai road sattur,626203
23765,VIRUDHUNAG,Sattur,"ST. THERESA HIGHER SECONDARY SCHOOL, SATTUR",OLD PADNATHAL ROAD - SATTUR,626203
23766,VIRUDHUNAG,Sattur,"T.E.L.C. MIDDLE SCHOOL, SATTUR",NEHRU II STREETSATTUR,626203
23767,VIRUDHUNAG,Sivakasi,"A  U  MUNICIPAL HIGHER SECONDARY SCHOOL, SIVAKASI",MANI NAGARSIVAKASI,626123
23768,VIRUDHUNAG,Sivakasi,"AAA INTERNATIONAL SCHOOL.,THIRUTHANGAL","828A,S.N.Puram RoadThiruthangal",626130
23769,VIRUDHUNAG,Sivakasi,"ANITHA MATRICULATION HSS ,KONGALAPURAM",VEMBAKOTTAI MAIN ROAD\SITHURAJAPURAM,626189
23770,VIRUDHUNAG,Sivakasi,"ANNAVI THOTTAM MUNICIPAL GIRLS HIGH SCHOOL, SIVAKASI",MANI NAGARSIVAKASI,626123
23771,VIRUDHUNAG,Sivakasi,"ARASAN GANESAN MATRICULATION HR SEC SCHOOL, SIVAKASI",18 CHAIRMAN A.SHUNMUGAM  ROADSIVAKASI,626123
23772,VIRUDHUNAG,Sivakasi,"AVM MARIMUTHU NADAR HR SEC SCHOOL, VILAMPATTI","1/132, ALANGULAM MAIN ROAD",626124
23773,VIRUDHUNAG,Sivakasi,"AYYAVU MATRICULATION HIGH SCHOOL, VADAPATTI","Vadapatti, M.Pudupatti (post), Sivakasi (Taluk), Virudhunagar",626103
23774,VIRUDHUNAG,Sivakasi,"C.M.S. MIDDLE SCHOOL, SATCHIYAPURAM",SATCHIYAPURAM\SIVAKASI,626124
23775,VIRUDHUNAG,Sivakasi,"CORONATION GIRLS HIGHER SECONDARY SCHOOL, SIVAKASI","66-A, GNANAGIRIROAD , SIVAKASI",626189
23776,VIRUDHUNAG,Sivakasi,"CSI HIGH SCHOOL & VTC FOR THE DEAF, SATCHIYAPURAM","Elwin CentreSatchiyapuram, Sivakasi West",626124
23777,VIRUDHUNAG,Sivakasi,"CSI M&R SCHOOL, SATCHIAPURAM",Satchiyapuram WestSatchiyapuram,626124
23778,VIRUDHUNAG,Sivakasi,G.H.S PUDUKOTTAI,GHS PUDUKOTTAIERICHANATHAM(VIA),626103
23779,VIRUDHUNAG,Sivakasi,"G.H.S.,ALAMARATHUPATTI",SAKKAMMAL COLONYALAMARATHUPATTI,626130
23780,VIRUDHUNAG,Sivakasi,"G.H.S.,ANAIKUTTAM","GHS ANAIKUTTAMSIVAKASI TALUK, VIRUDHUNAGAR DISTRICT",626130
23781,VIRUDHUNAG,Sivakasi,"G.H.S.,ANUPPANKULAM",AnuppankulamSivakasi (TK),626189
23782,VIRUDHUNAG,Sivakasi,"G.H.S.,KOPPAIYANAICKENPATTI",KOPAIYANAICKENPATTIMALLIPUDUR PO SIVAKASI  via,626141
23783,VIRUDHUNAG,Sivakasi,"G.H.S.,M.PUDHUPATTI","M.PUDHUPATTI, SIVAKASI TALUK,VIRUDHUNAGAR DISTRICT",626130
23784,VIRUDHUNAG,Sivakasi,"G.H.S.,SATHYANAGAR","GHS,SATHYANAGARTHIRUTHANGAL",626130
23785,VIRUDHUNAG,Sivakasi,"G.H.S.,SUKKIRAVARPATTI",SUKKIRAVARPATTISUKKIRAVARPATTI,626130
23786,VIRUDHUNAG,Sivakasi,"G.H.S.S, MEENAMPATTI","GOVT HR SEC SCHOOL,MEENAMPATTI
VADAKKOORSivakasi",626189
23787,VIRUDHUNAG,Sivakasi,"G.H.S.S, PALLAPATTI","GOVERNMENT HIGHER SECONDARY  SCHOOL,
PALLAPATTI, NEAR KALIAMMAN KOVIL,THIRUTHANGAL ,PO,SIVAKASI",626130
23788,VIRUDHUNAG,Sivakasi,"G.H.S.S,VISWANATHAM",viswanatham,626189
23789,VIRUDHUNAG,Sivakasi,"G.H.S.S., MANGALAM",GOVT HR SEC SCHOOL MANGALAMSIVAKASI,626138
23790,VIRUDHUNAG,Sivakasi,"G.H.S.S., NARANAPURAM",GOVERNMENT HIGHER SECONDARY SCHOOLNARANAPURAM,626189
23791,VIRUDHUNAG,Sivakasi,"G.H.S.S.,BOOVANATHAPURAM",THE HEADMASTERGHSS BOOVANATHAPURAM,626124
23792,VIRUDHUNAG,Sivakasi,"G.H.S.S.,NADAIYANERI",MAIN ROADNADAYANERI,626130
23793,VIRUDHUNAG,Sivakasi,"G.H.S.S.,RESERVE LINE SIVAKASI","RESERVELINE, GANDHI NAGAR,SIVAKASI WESTWEST,626124 - 33260910573RESERVELINE SIVAKASI",626124
23794,VIRUDHUNAG,Sivakasi,GHS VADAMALAPURAM,GOVT HIGH SCHOOL VADAMALAPURAMTHIRUTHANGAL VIA,626130
23795,VIRUDHUNAG,Sivakasi,"GLORY MATRICULATION HR SEC SCHOOL, SIVAKASI","828,S.N.Puram Road",626130
23796,VIRUDHUNAG,Sivakasi,"GOOD SHEPHERD MATRICULATION HIGH SCHOOL, SIVAKASI","3/141 , Enjar Cross ,   Sivakasi Virudhunagar (Dist)",626124
23797,VIRUDHUNAG,Sivakasi,GOOD SHEPHERD MATRICULATION SCHOOL,,
23798,VIRUDHUNAG,Sivakasi,"GOVT GIRLS HR SEC SCHOOL, THIRUTHANGAL",virudhunagar main roadthiruthangal,626130
23799,VIRUDHUNAG,Sivakasi,GOVT HIGH SCHOOL ANAIYUR,GHS ANAIYUR SIVAKASI WEST,626124
23800,VIRUDHUNAG,Sivakasi,"GOVT HIGH SCHOOL, PERAPATTI",Government High SchoolPerapatti,626189
23801,VIRUDHUNAG,Sivakasi,"GOVT HIGHER SECONDARY SCHOOL, MARANERI",maranerimaraneri,626124
23802,VIRUDHUNAG,Sivakasi,"HINDU THEVAMAR HIGHER SECONDARY SCHOOL, SIVAKASI","28,QUAITH MILATH STREETSIVAKASI -",626123
23803,VIRUDHUNAG,Sivakasi,"K.KAMARAJAR MATRICULATION HR SEC SCHOOL, SIVAKASI",5/231 Sattur RoadEB Sub Station,626189
23804,VIRUDHUNAG,Sivakasi,"KALAIMAGAL HIGHER SECONDARY SCHOOL, THIRUTHANGAL","91 -A , NADAR NANDHAVANA STREET, THIRUTHANGALTHIRUTHANGAL",626130
23805,VIRUDHUNAG,Sivakasi,"KAMAK HIGHER SECONDARY SCHOOL, KRISHNAPERI","NEAR KALIYAMMAN KOVIL STREET, KRISHNAPERIT.MANAGASERI POST, SIVAKASI TALUK",626141
23806,VIRUDHUNAG,Sivakasi,"KAMMA KALVI SANGA HR SEC SCHOOL, SITHURAJAPURAM","1/418A, MELURSITHURAJAPURAM",626189
23807,VIRUDHUNAG,Sivakasi,"KMKA MATRICULATION HIGHER SECONDARY SCHOOL, THIRUTHANGAL",52 NADAR NANDHAVANA STREET\ THIRUTHANGAL,626130
23808,VIRUDHUNAG,Sivakasi,"KPATDR SIVAKASI JAYCEES MATRICULATION HR SEC SCHOOL, SIVAKASI","Anaiyur Post, Vilampatti Road - Ward-2Anaiyur Post, Vilampatti Road - Ward-2",626124
23809,VIRUDHUNAG,Sivakasi,"LORD P C A A  LIONS MATRICULATION HR SEC SCHOOL, SIVAKASI","9/210A, Lions Nagar\Reserveline",626123
23810,VIRUDHUNAG,Sivakasi,"LVR MATRICULATION SCHOOL,SENGAMALANACHIARPURAM",3/2007S.N Puram,626130
23811,VIRUDHUNAG,Sivakasi,"MEADOWS HIGHER SECONDARY SCHOOL, KALAIYARKURICHI",636/1A SANARPATTI ROAD,626130
23812,VIRUDHUNAG,Sivakasi,"MOUNT LITERA ZEE SCHOOL., SIVAKASI","749,VirudhuNagar, Sivakasi main RDThiruthangal,Sivakasi,TamilNadu",626130
23813,VIRUDHUNAG,Sivakasi,"MUNICIPAL HR SEC SCHOOL., AMMANKOVILPATTI",MUNICIPAL HR SEC SCHOOL. AMMANKOVILPATTI.SIVAKASI.,626189
23814,VIRUDHUNAG,Sivakasi,"MUSLIM HIGHER SECONDARY SCHOOL, SIVAKASI","Muslim Higher Secondary School, SIVAKASI",626123
23815,VIRUDHUNAG,Sivakasi,"MUTHUMARI MATRICULATION HR SEC SCHOOL, THIRUTHANGAL","40/1A, Sukkiravar patti RoadThiruthangal",626130
23816,VIRUDHUNAG,Sivakasi,"N.P.A.S.P.R.RATHNAVILAS HR SEC SCHOOL, SIVAKASI","84/2,RAILWAY COLONYSIVAKASI",626123
23817,VIRUDHUNAG,Sivakasi,"N.P.S.S.R.K. ROTARY MATRICULATION HIGHER SECONDARY SCHOOL, VISWANATHAM","VISWANATHAM,SIVAKASI.",626189
23818,VIRUDHUNAG,Sivakasi,P.U.M.S AYYANARPURAM COLONY,AYYANARPURAMCOLONYSIVAKASI,626123
23819,VIRUDHUNAG,Sivakasi,P.U.M.S GOUNDAMPATTI,"P.U.M.SCHOOLKOUNDAMPATTI,VELLUR [P.O]AMATHUR[VIA]",626005
23820,VIRUDHUNAG,Sivakasi,P.U.M.S JAMEENSALVARPATTI,P.U.MIDDLE SCHOOL\JAMEEN SALVARPATTI,626189
23821,VIRUDHUNAG,Sivakasi,P.U.M.S KUMILANKULAM,"PUMS,KUMILANKULAM,ERISANATHAM POST,SIVAKASI TK",626103
23822,VIRUDHUNAG,Sivakasi,P.U.M.S KUPPANAPURAM,kuppanapuramkrishnan koil via,626138
23823,VIRUDHUNAG,Sivakasi,P.U.M.S PETHULUPATTI,Main Road\Pethulupatti,626189
23824,VIRUDHUNAG,Sivakasi,"P.U.M.S, CHITHAMANAICKENPATTI",chithamanayakkanpattipudukottai(po),626103
23825,VIRUDHUNAG,Sivakasi,P.U.M.S. SANARPATTI,"P.U.middle school, sanarpattiM.PUDHUPATTI (P.O)",626130
23826,VIRUDHUNAG,Sivakasi,P.U.M.S.MATHIYASENAI,"PANCHAYAT   UNION   MIDDLE SCHOOL ,
MATHIYASENAI. 626005.
MEPCO  (POST) . SIVAKASI   UNION.",626005
23827,VIRUDHUNAG,Sivakasi,P.U.M.S.SENGAMALAMNATCHIYARPURAM,"pums,s npurampums,s npuram",626130
23828,VIRUDHUNAG,Sivakasi,P.U.M.S.URAMPATTI,PUMS URAMPATTIMARANERI SIVAKASI,626124
23829,VIRUDHUNAG,Sivakasi,P.U.M.S.VADAPATTI,"pums,vadapati,mellur,vadapattipums,vadapati,mellur,vadapatti",626124
23830,VIRUDHUNAG,Sivakasi,P.U.M.S.VELLAIYAPURAM,"P.U. MIDDLE SCHOOL, VELLAIYAPURAMSENGAMALANATCHIYAPURAM PO",626130
23831,VIRUDHUNAG,Sivakasi,"PANCHAYAT UNION MIDDLE SCHOOL, RENGAPALAYAM",Main RoadRengapalayam,626138
23832,VIRUDHUNAG,Sivakasi,"R.S.R INTERNATIONAL SCHOOL, SIVAKASI","NPSN Arumugam Road,
Sivakasi, Virudhunagar Tamilnadu, India.",626123
23833,VIRUDHUNAG,Sivakasi,"S N (JUNIOR) G.H.S.,VELLUR",EAST STREETVELLUR,626005
23834,VIRUDHUNAG,Sivakasi,"S.A.V. SALA MIDDLE SCHOOL, MUTHALIPATTI",2/70 AMMAN STREET\MUTHALIPATTI,626189
23835,VIRUDHUNAG,Sivakasi,"S.C.M.S.GIRLS HIGHER SECONDARY SCHOOL, SATCHIYAPURAM","OPP TO TALUK OFFICESATCHIYAPURAM, SIVAKASI WEST",626124
23836,VIRUDHUNAG,Sivakasi,"S.D.A. MATRICULATION HIGH SCHOOL, SIVAKASI","2/179 A , NARANAPURAM ROAD, SIVAKASI - 626 189",626189
23837,VIRUDHUNAG,Sivakasi,"S.H.N. GIRLS HIGHER SECONDARY SCHOOL, SIVAKASI","1,CHAIRMAN N.P.S.N ARUMUGAM NADAR ROADSIVAKASI",626123
23838,VIRUDHUNAG,Sivakasi,"S.N.G. GIRLS HIGHER SECONDARY SCHOOL., THIRUTHANGAL","90,Nadar Nanthavanam Street,Thiruthangal",626130
23839,VIRUDHUNAG,Sivakasi,"S.N.M.F. MATRICULATION HR SEC SCHOOL, SIVAKASI",Sattur Road Paraipatti,626189
23840,VIRUDHUNAG,Sivakasi,"S.R.,G.H.S.S.,THIRUTHANGAL",thiruthangal,626130
23841,VIRUDHUNAG,Sivakasi,"SAFIRE MATRICULATION HIGHER SECONDARY SCHOOL,SIVAKASI- THAYILPATTI ROAD","OLD THAYILPATTI ROAD, VISWANATHAM, SIVAKASI.KAVITHA NAGAR,SIVAKASI.",626123
23842,VIRUDHUNAG,Sivakasi,"SARVASEVA  MATRICULATION SCHOOL,ERICHANATHAM","3/305-c sevalaya,alagapuri road erichanatham sivakasi tk
virudhunagar dist3/305-c sevalaya,alagapuri road erichanatham sivakasi tk virudhunagar dist",626103
23843,VIRUDHUNAG,Sivakasi,"SHNV MATRIC HSS,SIVAKASI","10A,SHANMUGAM  ROADSIVAKASI",626123
23844,VIRUDHUNAG,Sivakasi,SIDHARAJAA INTERNATIONAL SCHOOL,,
23845,VIRUDHUNAG,Sivakasi,"SIVAKASI HINDU NADAR VICTORIA HR SEC SCHOOL, SIVAKASI","NO 10, CHAIRMAN SHANMUGAM ROAD\SIVAKASI",626123
23846,VIRUDHUNAG,Sivakasi,"SIVAKASI HINDU NADAR VICTORIYA MIDDLE SCHOOL, SIVAKASI",10 A CHAIRMAN SHANMUGAN ROAD10 A CHAIRMAN SHANMUGAM ROAD,626123
23847,VIRUDHUNAG,Sivakasi,"SIVAKASI HINDUNADARS GIRLS MIDDLE SCHOOL, SIVAKASI","1,Arumugam Road,\SIVAKASI",626323
23848,VIRUDHUNAG,Sivakasi,"SRI KRISHNASAMY INTERNATIONAL SCHOOL, MARANERI",VILLAMPATTI MARANERISIVAKASI,626124
23849,VIRUDHUNAG,Sivakasi,"SRI KRS. MATRICULATION SCHOOL, VISWANATHAM","2,2331 VISWANATHAM,SIVAKASI - 332609105192,2331
viswanatham",626123
23850,VIRUDHUNAG,Sivakasi,"SRI N M MEHTA JAIN MATRICULATION HR SEC SCHOOL, SIVAKASI","FIRST LANE,VELAYUTHAM ROADBEHIND HDFC BANK",626123
23851,VIRUDHUNAG,Sivakasi,"SRI SHENBAGA VINAYAGAR MATRICULATION HIGHER SECONDARY SCHOOL, SIVAKASI",7E Vembakottai Road Sivakasi,626123
23852,VIRUDHUNAG,Sivakasi,"SRUTHI VIDHYODHAYA , SIVAKASI","308C2, GNANAGIRI ROAD, NATIONAL COLONY, RAJIV GANDHI NAGAR, SIVAKASI",626189
23853,VIRUDHUNAG,Sivakasi,"SUNDARAVEL MATRICULATION HR SEC SCHOOL, THIRUTHANGAL","Sundaravel Mat.Hr.Sec.School, 334, Satchiya puram Road,
Thiruthanga.Sundaravel Mat.Hr.Sec.School, 334, Satchiya puram
TRCoaHdM, TSh,MiruUthTaHngUaK. UMARAPURAM,VELLUR",626130
23854,VIRUDHUNAG,Sivakasi,"TCH MS, MUTHUKUMARAPURAM","POST,AMATHUR VIATCHMS,MUTHUKUMARAPURAM,VELLUR",626005
23855,VIRUDHUNAG,Sivakasi,"THE SIVAKASI LIONS MATRICULATION HIGHER SECONDARY SCHOOL, SIVAKASI","196-A, Palaniyandavarpuram Colony,2/754-A, Virudhunagar Road,  Anaikuttam Post, Sivakasi",626130
23856,VIRUDHUNAG,Sivakasi,"THIRUTHANGAL LIONS MATRICULATION HR SEC SCHOOL, THIRUTHANGAL",3/457 PALLAPATTI ROAD\THIRUTHANGAL,626130
23857,VIRUDHUNAG,Sivakasi,"V S K D NADAR GURUKUL MATRIC HR SEC SCHOOL, SATCHIYAPURAM",SivakasiSatchiyapuram,626124
23858,VIRUDHUNAG,Sivakasi,"V.N.U.A.P.N.T. MATRICULATION HR SEC SCHOOL, VILAMPATTI",1/9\ALANGULAM MAIN ROAD,626124
23859,VIRUDHUNAG,Sivakasi,"V.S.K.DURAISWAMYNADAR GIRLS
MATRICULATION HIGHER SECONDARY SCHOOL, SIVAKASI",113 Badrakaliamman koil street,626123
23860,VIRUDHUNAG,Sivakasi,"VEERAMAMUNIVAR HIGH SCHOOL, KRISHNAPERI",MANAGASERI POST\SIVAKASI TALUK,626141
23861,VIRUDHUNAG,Sivakasi,"VELANKANNI MATHA HR SEC SCHOOL, SIVAKASI","10,11, PKSA ARUMUGAM ROAD, SIVAKASIAMMANKOVILPATTI",626189
23862,VIRUDHUNAG,Sivakasi,"VINAYAKAR MATRICULATION HR SEC SCHOOL,SIVAKASI","175,176 MUNDAGAN STREET,SIVAKASI",626123
23863,VIRUDHUNAG,Sivakasi,"YRTV MAT HR SEC SCHOOL, SIVAKASI","1-A, CHAIRMAN A R ARUNACHALAM ROAD340, POOTHAYAMMAL NAGAR, SIVAKASI",626123
23864,VIRUDHUNAG,Srivilliputhur,"C.M.S. HIGHER SECONDARY SCHOOL, SRIVILLIPUTHUR","C.M.S HSS,  SRIVILLIPUTTUR",626125
23865,VIRUDHUNAG,Srivilliputhur,"GOVERNMENT HIGH SCHOOL, LAKSHMIAPURAMPUTHUR","Inamkarisalkulam post, Srivilliputhur",626125
23866,VIRUDHUNAG,Srivilliputhur,"GOVERNMENT HIGH SCHOOL, PANANKULAM","PANANKULAM
VILLUPANOOR POST SRIVILLIPUTTUR TK- 626138",626138
23867,VIRUDHUNAG,Srivilliputhur,"GOVERNMENT HIGH SCHOOL, T.MANAGASERI","T.MANAGASERI,SRIVILLIPUTHUR TK",626141
23868,VIRUDHUNAG,Srivilliputhur,"GOVERNMENT HIGH SCHOOL, THOMBAKULAM",Alangulam roadThompakulam,626136
23869,VIRUDHUNAG,Srivilliputhur,"GOVERNMENT HIGHER SECONDARY SCHOOL, KEELARAJAKULARAMAN",ALANGULAM MAIN ROADKEELARAJAKULARAMAN,626136
23870,VIRUDHUNAG,Srivilliputhur,"GOVERNMENT HIGHER SECONDARY SCHOOL, KRISHNANKOVIL - MODEL","G.H.S.S,KRISHNANKOVIL, MADURAI MAIN ROAD, KRISHNANKOVIL",626126
23871,VIRUDHUNAG,Srivilliputhur,"GOVERNMENT HIGHER SECONDARY SCHOOL, PAPPAYANAICKERPATTI",APPAYANAICKERPATTI POST\PAPPAYANAICKERPATTI MALLI,626141
23872,VIRUDHUNAG,Srivilliputhur,"GOVERNMENT HIGHER SECONDARY SCHOOL, PILLAIYARNATHAM",GOVERNMENT HIGHER SECONDARY SCHOOL PILLAIYARNATHAM,626125
23873,VIRUDHUNAG,Srivilliputhur,"GOVERNMENT HIGHER SECONDARY SCHOOL, ULLOORPATTI",GHSS ULLOORPATTI\MALLI POST,626141
23874,VIRUDHUNAG,Srivilliputhur,"GOVT ADW HIGH SCHOOL, IDAYANKULAM",IDAYANKULAMSRIVILLIPUTTUR TK,626110
23875,VIRUDHUNAG,Srivilliputhur,"GOVT ADW HIGHER SECONDARY SCHOOL, KARISALKULAMPATTI","GOVT ADW HR SEC SCHOOL, KARISALKULAMPATTISRIVILLIPUTTUR TK",626125
23876,VIRUDHUNAG,Srivilliputhur,"GURUGNANA SAMPANDAR HINDU HSS, SRIVILLIPUTHUR",6 Thiruvenkita annaikal street,626125
23877,VIRUDHUNAG,Srivilliputhur,HINDU MATRICULATION SCHOOL,,
23878,VIRUDHUNAG,Srivilliputhur,"JOTHI HIGH SCHOOL,R.REDDIAPATTI","JOTHI HIGH
SCHOOL,R.REDDIAPATTI(PO),KEELARAJAKULARAMAN( Via),RAJAPALAYAMJOTHI HIGH",626136
23879,VIRUDHUNAG,Srivilliputhur,"KAMARAJAR  GOVERNMENT MIDDLE SCHOOL, MALLIPUTHUR",MALLIPUDHUR (PO) MALLISRIVILLIPUTTER (TK),626141
23880,VIRUDHUNAG,Srivilliputhur,"KAMMAPATTI MUNICIPAL MIDDLE SCHOOL, SRIVILLIPUTHUR",Municipal Kammapatti Middle SchoolSrivilliputtur,626125
23881,VIRUDHUNAG,Srivilliputhur,"M.N.R.D.GIRLS HSS, SRIVILLIPUTHUR","24,Thiruvenkata Annaigal Street, SrivilliputturSrivilliputtur",626125
23882,VIRUDHUNAG,Srivilliputhur,"MAHARISHI VIDYA MANDIR SECONDARY SCHOOL - CBSE, SRIVILLIPUTHUR",304 305 Kannan Colony Mamsapuram Road Srivilliputtur304 305 Kannan Colony,626125
23883,VIRUDHUNAG,Srivilliputhur,"MANGAPURAM HINDU HR SEC SCHOOL, SRIVILLIPUTHUR","MANGAPURAM HINDU HIGHER SECONDARY SCHOOL, NEAR PRC DIEPO, SRIVILLIPUTTUR",626125
23884,VIRUDHUNAG,Srivilliputhur,"METTU STREET MUNICIPAL MIDDLE SCHOOL, SRIVILLIPUTHUR",METTUSTREETSRIVILLIPUTTUR,626125
23885,VIRUDHUNAG,Srivilliputhur,"MUNICIPAL MIDDLE SCHOOL, KRISHNAN KOVIL STREET","krishnankovil street, srivilliputtur",626125
23886,VIRUDHUNAG,Srivilliputhur,"MUNICIPAL MIDDLE SCHOOL, PERUMALPATTI",MUNICIPAL  PERUMALPATTI MIDDLE SCHOOL SRIVILLIPUTTUR.,626125
23887,VIRUDHUNAG,Srivilliputhur,"MUNICIPAL MIDDLE SCHOOL, URANIPATTI","URANIPATTI STREET,SRIVILLIPUTHUR",626125
23888,VIRUDHUNAG,Srivilliputhur,"MUNICIPAL TVK HIGHER SECONDARY SCHOOL, SRIVILLIPUTHUR","MUNICIPAL TVK HIGHER SECONDARY SCHOOL, MADURAI  MAIN ROAD ,SRIVILLIPUTHUR",626125
23889,VIRUDHUNAG,Srivilliputhur,NK GOPALSAMY MIDDLE SCHOOL NACHIYARPATTI,NACHIARPATTI SRIVILLIPUTTUR,626135
23890,VIRUDHUNAG,Srivilliputhur,"P.N.U.P.KAMARAJAR MATRICULATION HR.SEC.SCHOOL, SRIVILLIPUTHUR","379,Aladipatti \Sri Kaliamman Nagar",626125
23891,VIRUDHUNAG,Srivilliputhur,PANCHAYAT UNION MIDDLE SCHOOL INAM KARISALKULAM,PUMS InamkarisalkulamSrivilliputtur,626125
23892,VIRUDHUNAG,Srivilliputhur,"PANCHAYAT UNION MIDDLE SCHOOL, AKKARAIPATTY",PUMS  AKKARAIPATTI ACHAMTHAVIZHTHAN POST,626137
23893,VIRUDHUNAG,Srivilliputhur,"PANCHAYAT UNION MIDDLE SCHOOL, ATHIKULAM","PANCHAYAT UNION MIDDLE SCHOOL , ATHIKULAM , SRIVILLIPUTHUR",626125
23894,VIRUDHUNAG,Srivilliputhur,"PANCHAYAT UNION MIDDLE SCHOOL, CHOKKALAMPATTI","PUMS,Chokkalampatti,P.Sallipatti Panchayat, Srivilliputhur Union",626138
23895,VIRUDHUNAG,Srivilliputhur,"PANCHAYAT UNION MIDDLE SCHOOL, INDRA NAGAR",Indra Nagar\SRIVILLIPUTTUR,626125
23896,VIRUDHUNAG,Srivilliputhur,"PANCHAYAT UNION MIDDLE SCHOOL, K.THOTTIYAPATTI",Panchayat Union Middle School K.ThotiapattiSrivilliputhur Union Rajapalayam Taluk,626117
23897,VIRUDHUNAG,Srivilliputhur,"PANCHAYAT UNION MIDDLE SCHOOL, KONGALAPURAM",SITHURAJAPURAM PO\SIVAKASI TK,626189
23898,VIRUDHUNAG,Srivilliputhur,"PANCHAYAT UNION MIDDLE SCHOOL, KOTHANKULAM","KOTHANKULAM, VAITHILINGAPURAM, SRIVILLIPUTHUR",626125
23899,VIRUDHUNAG,Srivilliputhur,"PANCHAYAT UNION MIDDLE SCHOOL, NAGAPALAYAM",PUMS Nagapalayam Mallipudhur,626141
23900,VIRUDHUNAG,Srivilliputhur,"PANCHAYAT UNION MIDDLE SCHOOL, NARAIYANKULAM OTHAPATTI",Panchayat Union Middle School Naraiyankulam Othapatty,626110
23901,VIRUDHUNAG,Srivilliputhur,"PANCHAYAT UNION MIDDLE SCHOOL, PERUMALDEVANPATTI",PERUMALTHEVANPATTIPERUMALTHEVANPATTI,626137
23902,VIRUDHUNAG,Srivilliputhur,"PANCHAYAT UNION MIDDLE SCHOOL, POOVANI","PUMS POOVANI,MEENAKSHIPURAM POST, SRIVILLIPUTTUR",626125
23903,VIRUDHUNAG,Srivilliputhur,"PANCHAYAT UNION MIDDLE SCHOOL, SAMINATHAPURAM","THOMBAKKULAM PO,VEMBAKKOTTAI TK",626136
23904,VIRUDHUNAG,Srivilliputhur,"PASUMPON THEVAR HIGHER SECONDARY SCHOOL, MAMSAPURAM","MAIN ROAD II,  MAMSAPURAM-626110",626110
23905,VIRUDHUNAG,Srivilliputhur,"PENNINGTON PUBLIC SCHOOL CBSE, SRIVILLIPUTHUR","9, Thiruvenkata annaigal street,(library street),Srivilliputtur",626125
23906,VIRUDHUNAG,Srivilliputhur,"R.K.GOVERNMENT HIGHER SECONDARY SCHOOL, P.RAMACHANDRAPURAM","R.K.GOVT.HR.SEC.SCHOOL, P.RAMACHANDRAPURAM",626137
23907,VIRUDHUNAG,Srivilliputhur,"RC.MIDDLE.SCHOOL,PATTAKULAM",PUMS PATTAKULAMPATTAKULAM,626138
23908,VIRUDHUNAG,Srivilliputhur,"SACRED HEART CONVENT HIGH SCHOOL, SRIVILLIPUTHUR","SACRED HEART CONVENT HIGH SCHOOL, MARTINPURAM, SRIVILLIPUTTUR",626125
23909,VIRUDHUNAG,Srivilliputhur,"SACRED HEART GIRLS HIGHER SECONDARY SCHOOL, SRIVILLIPUTHUR","59, NETHAJI ROAD, SRIVILLIPUTTUR",626125
23910,VIRUDHUNAG,Srivilliputhur,"SATHYA VIDYALAYA CBSE,PILLAYARKULAM",Pillaiyarkulam\Sriviiliputtur,626137
23911,VIRUDHUNAG,Srivilliputhur,SIVANTHIPATTI NADAR GIRLS HIGH SCHOOL,"6, kaliamman kovil north car streetmamsapuram",626110
23912,VIRUDHUNAG,Srivilliputhur,"SIVANTHIPATTI NADAR HSS, MAMSAPURAM",KALIAMMAN\KOVIL STREET,626110
23913,VIRUDHUNAG,Srivilliputhur,"SIVARAM HIGH SCHOOL, MAMSAPURAM",V M NAIDU STREETMAMSAPURAM,626110
23914,VIRUDHUNAG,Srivilliputhur,"SIVARAM MIDDLE SCHOOL,MAMSAPURAM","1  V,M, NAIDU STREETMAMSAPURAM",626110
23915,VIRUDHUNAG,Srivilliputhur,"SRI AYYAN KENDRA VIDYALAYA INTERNATIONAL SCHOOL, KALANGAPERI","1  Ayyan Garden, Kalangaperi Main Road, Rajapalayam",626108
23916,VIRUDHUNAG,Srivilliputhur,SRI MAYURA INTERNATIONAL SCH APPAIYANAYAKAR PATTI,APPAIYANAYAKARPATTI/MALLI,626141
23917,VIRUDHUNAG,Srivilliputhur,"SRIVI LIONS INTERNATIONAL SCHOOL, SRIVILLIPUTHUR","Sivakasi Main Road, Inam Natchiyar Kovil Panyachat, Malli village, Near Thailakulam, Srivilliputhur",626135
23918,VIRUDHUNAG,Srivilliputhur,"SRIVI LIONS MATRICULATION HSS, SRIVILLIPUTHUR","N.G.G.O. COLONY, SRIVILLIPUTTUR",626125
23919,Virudhunagar,Srivilliputhur,st antony matriculation school,,
23920,VIRUDHUNAG,Srivilliputhur,"ST.JOSEPH RC HR SEC SCHOOL, SRIVILLIPUTHUR","SIVAKASI ROAD,  RC CHURCH CAMPUS, SRIVILLIPUTTUR",626125
23921,VIRUDHUNAG,Srivilliputhur,TELUGU KULALAR SRI SOOLAI VINAYAGAR VIDYALAYA,,
23922,VIRUDHUNAG,Srivilliputhur,"THIYAGARAJA HIGHER SECONDARY SCHOOL., SRIVILLIPUTHUR","32 NGGO COLONY, SRIVILLIPUTTUR",626125
23923,VIRUDHUNAG,Srivilliputhur,"V.P.M.M.MATRICULATION HSS, SRIVILLIPUTHUR",vpm nagarkrishnankovil,626190
23924,VIRUDHUNAG,Srivilliputhur,"VALLUVAR VIDHYALAYA MATRICULATION HIGHER SECONDARY SCHOOL, SRIVILLIPUTHUR","11-14, Pandit Jawaharlal Nehru StreetSrivilliputtur",626125
23925,VIRUDHUNAG,Srivilliputhur,"VENKADASAMY NAIDU MIDDLE SCHOOL, M.P.K.PUDUPATTI",SUBBURAJCOTTONMILLS COLONY IDAYANKULAM,626110
23926,VIRUDHUNA GAR,Srivilliputhur,Virudhunagar District Government Model School,VPMM ENGINEERING COLLEGE KRISHNAN KOVIL VIRUDHUNAGAR,
23927,VIRUDHUNAG,Srivilliputhur,"VNUP.KALEESWARI HSS, VANNIAMPATTI",VANNIAMPATTY\SRIVILLIPUTTUR,626125
23928,VIRUDHUNAG,Srivilliputhur,"VPMS SELVI SHANKAR(SESHA) VIDYASRAM SCHOOL, SRIVILLIPUTHUR",VPMS SESHA VIDYASHRAM\ACHANKULAM ROAD BEHIND DISTRICT COURT SRIVILLIPUTTUR,626135
23929,VIRUDHUNAG,Srivilliputhur,"VPMS SESHA MATRICULATION SCHOOL , SRIVILLIPUTHUR ,","VPMS SESHA MAT. SCHOOL, ACHANKULAM ROAD,
ATHIKULAM SENKULAM POST,  SRIVILLIPUTHUR BLOCK",626135
23930,VIRUDHUNAG,Srivilliputhur,"YASHAS ENGLISH SCHOOL.,MALLI","37/2A1, SRIVILLIPUTTUR SIVAKASI MAIN ROAD MALLI",626141
23931,VIRUDHUNAG,Thiruchuli,GANDHI VIDYALAYAM HSS KULASEKARANALLUR,"GANDHI VIDYALAYAM HR SEC SCHOOL, RAMASAMY NAGAR, ARUPPUKOTTAI",626107
23932,VIRUDHUNAG,Thiruchuli,"GOVERNMENT HIGH SCHOOL, CHITHALAKUNDU",GOVERNMENT HIGH SCHOOLCHITHALAKUNDU,626129
23933,VIRUDHUNAG,Thiruchuli,GOVT HIGH SCHOOL K CHETTIKULAM,"GOVT.HIGH SCHOOL K.CHETTIKULAMS.CHRISTOBEL LEELABAI , HM, GOVT.HIGH SCHOOL K.CHETTIKULAM",626114
23934,VIRUDHUNAG,Thiruchuli,GOVT HIGH SCHOOL KATHALAMPATTI,"GOVT HIGH SCHOOL,KATHALAMPATTI\R.KALLUMADAM",626118
23935,VIRUDHUNAG,Thiruchuli,GOVT HIGH SCHOOL KEELKUDI,GOVT SCHOOLKEELKUDI,626114
23936,VIRUDHUNAG,Thiruchuli,GOVT HIGH SCHOOL KULASEKARANALLUR,THIRUCHULI ROADKULASEKARANALLUR,626159
23937,VIRUDHUNAG,Thiruchuli,GOVT HIGH SCHOOL MARAVARPERUNGUDI,GHS MARAVARPERUNKUDIGHS MARAVARPERUNKUDI,626118
23938,VIRUDHUNAG,Thiruchuli,GOVT HIGH SCHOOL NALLANGULAM,"Government High School,
Nallangulam,
K Chettikulam - Po",626114
23939,VIRUDHUNAG,Thiruchuli,GOVT HIGH SCHOOL P THOTTIYANGULAM,KRISHNAPURAM ROAD\P.THOTTIYANKULAM,626129
23940,VIRUDHUNAG,Thiruchuli,GOVT HIGH SCHOOL UDAIYANAMPATTI,K.PUDHUR(PO)THIRUCHULI(TK),626129
23941,VIRUDHUNAG,Thiruchuli,GOVT HIGH SCHOOL VADAKKUNATHAM,vadakkunathamvadakkunatham,626114
23942,VIRUDHUNAG,Thiruchuli,GOVT HIGH SCHOOL VIDATHAKULAM,"GHS - VIDATHAKULAMTIRUCHULI TALUK, NARIKUDI POST",626607
23943,VIRUDHUNAG,Thiruchuli,"GOVT HIGH SCHOOL, SAVVASUPURAM",ghs savasupuramramasamy nagar post,626105
23944,VIRUDHUNAG,Thiruchuli,GOVT HIGHER SECONDARY SCHOOL MUTHURAMALINGAPURAM,MUTHURAMALINGAPURAMKALOORANI POST,626105
23945,VIRUDHUNAG,Thiruchuli,GOVT HIGHER SECONDARY SCHOOL PARALACHI,MELAPARALACHI\ARUPUKKOTTAI,626114
23946,VIRUDHUNAG,Thiruchuli,GOVT HIGHER SECONDARY SCHOOL POOLANGAL,"GOVT HR SEC SCHOOL, POOLANGAL,
ARUPPUKOTTAI TALUK VIRUDHUNAGAR DISTRICT-626114",626114
23947,VIRUDHUNAG,Thiruchuli,GOVT HIGHER SECONDARY SCHOOL REDDIAPATTI M - MODEL,M.REDDIAPATTI\M.REDDIAPATTI,626118
23948,VIRUDHUNAG,Thiruchuli,GOVT HIGHER SECONDARY SCHOOL TAMILPADI,ALADIPATTI VIATAMILPADI POST,626129
23949,VIRUDHUNAG,Thiruchuli,GOVT HIGHER SECONDARY SCHOOL THUMMUCHINNAMPATTI,"THUMMUCHINNAMPATTI(PO)ARUPPUKOTTAI(TK) 626
118",626118
23950,VIRUDHUNAG,Thiruchuli,"MINERVA PUBLIC SCHOOL, MANGULAM",MINERVA VILLAGEMANKULAM,626105
23951,VIRUDHUNAG,Thiruchuli,NMSSV MIDDLE SCHOOL THOPPALAKARAI,NMSSV MIDDLE SCHOOL THOPPALAKARAI PARALACHI POST,626114
23952,VIRUDHUNAG,Thiruchuli,PUMS ERRAMPATTI,ErrampattiKattangudi (post),626107
23953,VIRUDHUNAG,Thiruchuli,PUMS ILLUPPAIKULAM,"v.Iluppaikulam\Mithalaikkulam panchayat/Karenthal post,thiruchuli union.",626129
23954,VIRUDHUNAG,Thiruchuli,PUMS K VELAYUTHAPURAM,K.VelayuthapuramNarikkudi (Po),626607
23955,VIRUDHUNAG,Thiruchuli,PUMS KARENTHAL,"PUMS, KARENTHAL.
Thiruchuli-Narikudi Main Road",626129
23956,VIRUDHUNAG,Thiruchuli,PUMS MADATHUPATTI,RAMASAMYNAGAR  POST\ARUPPUKOTTAI  TALUK,626105
23957,VIRUDHUNAG,Thiruchuli,PUMS MELAKANDAMANGALAM,MELAKANDAMANGALAMTAMILPADI(PO),626129
23958,VIRUDHUNAG,Thiruchuli,PUMS POTHAMPATTI,"P.U.M.S ,POTHAMPATTI,SUTHAMADAM P.O
,VIRUDHUNAGAR DISTRICTDO",626114
23959,VIRUDHUNAG,Thiruchuli,PUMS PUDUPATTI P M,"172,Thottiyangulam RoadKattangudi Post",626107
23960,VIRUDHUNAG,Thiruchuli,PUMS PULIKURICHI,"PULIKURICHI,
P.THOTTIYANKULAM POST,
PTUHMIRSU, CRHAUJALGI TOAPLAULKA,PURAM",626129
23961,VIRUDHUNAG,Thiruchuli,PUMS RAJAGOPALAPURAM,"THOPPALAKKARAI POST,
SVeInRkUuDlaHmUNAGAR",626114
23962,VIRUDHUNAG,Thiruchuli,PUMS SENKULAM,"Parlachi P.O Aruppukottai taluk,",626101
23963,VIRUDHUNAG,Thiruchuli,"SARADHA VIDYALAYA MATRICULATION SCHOOL,  M.REDDIYAPATTI",SAYALKUDI MAIN ROADM.REDDIAPATTI,626118
23964,VIRUDHUNAG,Thiruchuli,SBK HIGHER SECONDARY SCHOOL KALLOORANI,2/103Main bazzar,626105
23965,VIRUDHUNAG,Thiruchuli,SETHUPATHI GOVT HIGHER SECONDARY SCHOOL TIRUCHULI,West car streetTIRUCHULI,626129
23966,VIRUDHUNAG,Thiruchuli,"SRI VISHWAS VIDHYALAYA SCHOOL, PANNAI MOONDRADAIPPU",Vishwas NagarPannaimoondradaippu,626129
23967,VIRUDHUNAG,Thiruchuli,"T.U.N.S.V.HSS,THIRUCHULI","75D/5, Kariyapatti RoadTHIRUCHULI",626129
23968,VIRUDHUNAG,Vembakottai,BHARAT MIDDILE SCHOOL APPAYANAICKERPATTI,BHARATHI MIDDLE SCHOOLAPPAYANAICKENPATTI,626127
23969,VIRUDHUNAG,Vembakottai,"G.H.S.,MUTHANDIAPURAM",GOVT HIGH SCHOOL\MUTHANDIYAPURAM,626201
23970,VIRUDHUNAG,Vembakottai,GHS K.MADATHUPATTI,"GOVERNMENT HIGH SCHOOL, K MADATHUPATTI, THAYILPATTI POSTTHAYILPATTI POST",626128
23971,VIRUDHUNAG,Vembakottai,GHS MAMSAPURAM,GOVT HIGH SCHOOL MAMSAPURAM SIVAKASI-WEST 626124,626124
23972,VIRUDHUNAG,Vembakottai,GHS PULLAGOUNDANPATTI,"Pullagoundanpatti, Sankarapandiyapuram(po)vembakkottai(tk)",626201
23973,VIRUDHUNAG,Vembakottai,GHS SUBRAMANIYAPURAM,SUBRAMANIAPURAMTHAYILPATTI  VIA,626128
23974,VIRUDHUNAG,Vembakottai,GHS THULUKANKURUCHI,"SOUTH STREET,GUGANPARAI POST
,THULUKKANKURICHI,",626140
23975,VIRUDHUNAG,Vembakottai,"GHS,PANAYADIPATTI","GOVT HIGH SCHOOL,PANAIYADIPATTI",626201
23976,VIRUDHUNAG,Vembakottai,"GHSS,ALANGULAM","MAIN ROAD, ALANGULAM",626127
23977,VIRUDHUNAG,Vembakottai,"GHSS,SANKARAPANDIAPURAM",GOVT HR SEC SCHOOL SANKARAPANDIAPURAM,626201
23978,VIRUDHUNAG,Vembakottai,"GHSS,SEVALPATTI - MODEL",SEVALPATTISEVALPATTI,626140
23979,VIRUDHUNAG,Vembakottai,"GHSS,SIPPIPARAI",NEAR VAO OFFICECHATRAM ROAD,627713
23980,VIRUDHUNAG,Vembakottai,"GHSS,VEMBAKOTTAI",GOVT HR SEC SCHOOLVEMBAKOTTAI,626131
23981,VIRUDHUNAG,Vembakottai,"GHSS,VIJAYAKARISALKULAM",GHSS-VIJAYAKARISALKULAMVEMBAKOTTAI-TK,626131
23982,VIRUDHUNAG,Vembakottai,"GOVERNMENT HIGH SCHOOL, K.CHELLAIYAPURAM","GOVT HIGH SCHOOL
K.CHELLAIAHPURAMELAYIRAMPANNAI POST, VEMBAKOTTAI TK",626201
23983,VIRUDHUNAG,Vembakottai,GOVT HSS KALLAMANAICKERPATTI,GOVERNMENT HR SEC SCHOOLKALLAMANAICKERPATTI,626131
23984,VIRUDHUNAG,Vembakottai,HAYAGRIVAS INTERNATIONAL SCHOOL.PERNAYAKANPATTI,"Hayagrivas Gardens,Pernaiyakkanpatti,SivakasiHayagrivas Gardens,Pernaiyakkanpatti,Sivakasi",626189
23985,VIRUDHUNAG,Vembakottai,"HINDU MARAVAR PS ,T.KOTTAIYUR",7/140 T.KOTTAIYURTHAYILPATTI,626128
23986,VIRUDHUNAG,Vembakottai,"HINDU MIDDLE SCHOOL, ETHIRKOTTAI",middlestreet\Edirkottai,626131
23987,VIRUDHUNAG,Vembakottai,"KRTA GHSS,MELATHAYILPATTI",KRTA GOVT HR SEC SCHOOL MELATHAYILPATTI,626128
23988,VIRUDHUNAG,Vembakottai,"MADURAI C.E.O.A MATRICULATION SCHOOL, SALVARPATTI","R.V.C.E CAMPUS, SALVARPATTI, THAYILPATTI ROAD, VEMBAKOTTAI",626127
23989,VIRUDHUNAG,Vembakottai,"MAHAMAI MS , GUHANPARAI",GUHANPARAI POSTVEMBAKOTTAI TALUK,626140
23990,VIRUDHUNAG,Vembakottai,"NADAR GEORGE HS, THAYILPATTI",PatchayapuramThayilpatti,626128
23991,VIRUDHUNAG,Vembakottai,"NADAR MAHAMAI GIRLS HIGH SCHOOL,ELAYIRAMPANNAI",NADAR MAHAMAI GIRLS HIGH SCHOOLELAYIRAMPANNAI,626201
23992,VIRUDHUNAG,Vembakottai,NADAR MAHAMAI HSS ELAYIRAMPANNAI,"VEMBAKOTTAI TALUK, VIRUDHUNAGAR DISTRICT",626201
23993,VIRUDHUNAG,Vembakottai,P U M S M.DURAISAMYPURAM,M.DURAISAMYPURAM   MAMSAPURAM (PO)  626124.,626124
23994,VIRUDHUNAG,Vembakottai,P U M S NATHIKUDI,NATHIKUDI POSTVEMBAKOTTAI TALUK,626137
23995,VIRUDHUNAG,Vembakottai,P U M S PARAIPATTI,PARAIPATTI\KUNDAYERUPPU (PO),626131
23996,VIRUDHUNAG,Vembakottai,P.U.M.S E.RAMANATHAPURAM,"PUMS,E.RAMANATHAPURAM
ELAYIRAMPANNAI- POST VEMBAKKOTAI-BLOCK",626201
23997,VIRUDHUNAG,Vembakottai,P.U.M.S ELAYIRAMPANNAI,ELAYIRAMPANNAIELAYIRAMPANNAI,626201
23998,VIRUDHUNAG,Vembakottai,P.U.M.S ETTAKKAPATTI,PANCHAYAT UNION MIDDLE SCHOOLETTAKKAPATTI,626131
23999,VIRUDHUNAG,Vembakottai,P.U.M.S KANGARSEVAL,k.lakshmiyapuram roadkangarsevel,626131
24000,VIRUDHUNAG,Vembakottai,P.U.M.S KOTHAINATCHIYARPURAM,MelakothainachiyarpuramThayilpatti,626128
24001,VIRUDHUNAG,Vembakottai,P.U.M.S KOTTAIPATTI,PUMS KOTTAIPATTIVEMBAKOTTAI TALUK,626131
24002,VIRUDHUNAG,Vembakottai,P.U.M.S MANJALODAIPATTI,MANJALODAIPATTI SANKARA[PANDIAPURAM [PO],626201
24003,VIRUDHUNAG,Vembakottai,P.U.M.S PERNAICKENPATTI,"PERNAICKENPATTI
SITHURAJAPURAM(PO)                          (VIA) SIVAKASI",626189
24004,VIRUDHUNAG,Vembakottai,P.U.M.S SOUTH ANAIKUTTAM,Vetrilaiyoorani PostSivakasi Taluk,626128
24005,VIRUDHUNAG,Vembakottai,"P.U.M.S,RAMUTHEVANPATTI",Near punchayat union officeRamudevanpatti,626131
24006,VIRUDHUNAG,Vembakottai,"PANCHAYAT UNION MIDDLE SCHOOL, AYAN SALVARPATTI",P.U.MIDDLE SCHOOL AYANSALVARPATTI PIN 626128,626128
24007,VIRUDHUNAG,Vembakottai,"R.P.N.M.HINDU MIDDLE SCHOOL, KAKKIVADANPATTI",Main RaodNear Vinayagar Kovil,626124
24008,VIRUDHUNAG,Vembakottai,"SP MODERN MATRICULATION SCHOOL
,SEVALPATTI","2/272,South street\Sevalpatti",626140
24009,VIRUDHUNAG,Vembakottai,"ST.ANTONY'S HIGH SCHOOL, MELANMARAINADU",MelanmarainaduVembakkottai -TK,626127
24010,VIRUDHUNAG,Vembakottai,TANCEM MHSS ALANGULAM,SivakasiSivakasi,626127
24011,VIRUDHUNAG,Virudhunagar,"P S CHIDAMBARA NADAR SENIOR ENGLISH SCHOOL, VIRUDHUNAGAR","110/2,Katchery RoadNorth Bye pass Road, VNR",626001
24012,VIRUDHUNAG,Virudhunagar,AP SANKARALINGA NADAR GIRLS MIDDLE SCHOOL VNR,"10/73 A.P.S. Girls  Middle SchoolLink Road, Virudhunagar",626001
24013,VIRUDHUNAG,Virudhunagar,"ASPCC MUNICIPAL HS,VIRUDHUNAGAR","RAMAMOORTHI ROAD, VIRUDHUNAGAR",626001
24014,VIRUDHUNAG,Virudhunagar,"DHAMU MEMORIAL MATRICULATION SCHOOL, SEVALPATTI","dhamu MMS ,Near collectorrate, sevalpatti, Virudhunagar",626002
24015,VIRUDHUNAG,Virudhunagar,"G.H.S.,SENNELKUDI","Near Perumal Temple, Sennelkudi",626004
24016,VIRUDHUNAG,Virudhunagar,"GHS, PAVALI",Erichanatham ViaPavali,626103
24017,VIRUDHUNAG,Virudhunagar,"GHS,INAMREDDIAPATTI",GOVT HIGH SCHOOLINAMREDDIAPATTI,626003
24018,VIRUDHUNAG,Virudhunagar,"GHS,PATTAMPUDUR",TEACHERS COLONYPATTAMPUDUR,626003
24019,VIRUDHUNAG,Virudhunagar,"GHS,PERIA PERALI","GOVERMENT HIGH SCHOOL
PERIYAPERALI - 626 109 VIRUDHUNAGAR DISTRICT",626109
24020,VIRUDHUNAG,Virudhunagar,"GHS,VADAMALAIKURICHI",Vadamalaikurichi road Vadamalaikurichi,626001
24021,VIRUDHUNAG,Virudhunagar,GHSS AMATHUR,"K.S.G GHSS,AMATHURVIRUDHUNAGAR",626005
24022,VIRUDHUNAG,Virudhunagar,GHSS CHATRAREDDIAPATTI,GOVT HR SEC SCHOOL CHATRAREDDIAPATTI,626002
24023,VIRUDHUNAG,Virudhunagar,"GHSS, AVUDAIYAPURAM","PRIMARY HEALTH CENTER ROAD,AVUDAIYAPURAM",626204
24024,VIRUDHUNAG,Virudhunagar,"GHSS, METTUKUNDU",ghssmettukundu,626004
24025,VIRUDHUNAG,Virudhunagar,"GHSS, NADUVAPATTI","THIRU RAMAMOORTHY GHSS,NADUVAPATTI",626203
24026,VIRUDHUNAG,Virudhunagar,"GHSS, SANKARALINGAPURAM",Sankaralingapuram\sankaralingapuram,626199
24027,VIRUDHUNAG,Virudhunagar,"GHSS, VEERARPATTI APPAYANAYAKENPATTI",Appayananayakenpatti PostRR Nagar Via,626204
24028,VIRUDHUNAG,Virudhunagar,"GOVERNMENT HIGHER SECONDARY SCHOOL, MEESALUR","TAS GOVT.HR,SEC,SCHOOL., MEESALUR  TAS GOVT.HR,SEC,SCHOOL., MEESALUR",626003
24029,VIRUDHUNAG,Virudhunagar,GOVT HR SEC SCHOOL THIYAGARAJAPURAM - MODEL,THIYAGARAJAPURAMVIRUDHUNAGAR,626189
24030,VIRUDHUNAG,Virudhunagar,HAJEE P SYED M HSS VIRUDHUNAGAR,"31, KRISHNAMACHARY ROAD VIRUDHUNAGAR",626001
24031,VIRUDHUNAG,Virudhunagar,HAJEE P SYED MM SCHOOL VIRUDHUNAGAR,"54, PARAPATTI STREET,",626001
24032,VIRUDHUNAG,Virudhunagar,"HINDU MIDDLE SCHOOL, KADAMBANKULAM",KADAMBANKULAM/ METTUKUNDU POST,626004
24033,VIRUDHUNAG,Virudhunagar,"HINDU MIDDLE SCHOOL, P.KUMARALINGAPURAM","P.KUMARALINGAPURAM, VALLIYUR-POST, VIRUDHUNAGAR-DISTRICT.",626005
24034,VIRUDHUNAG,Virudhunagar,K KAMARAJ VIDHYASALA MS VIRUDHUNAGAR,"4, Katchery Road, VIRUDHUNAGAR",626001
24035,VIRUDHUNAG,Virudhunagar,"K.C.S.DHANUSHKODI NADAR  MUNICIPAL MIDDLE SCHOOL,VIRUDHUNAGAR",ROSALPATTI ROADVIRUDHUNAGAR,626001
24036,VIRUDHUNAG,Virudhunagar,KGHSS VIRUDHUNAGAR,"52, KRISHNAMACHARI ROADVIRUDHUNAGAR.",626001
24037,VIRUDHUNAG,Virudhunagar,KGMS VIRUDHUNAGAR,"32,animuthu pillaiyar koil street",626001
24038,VIRUDHUNAG,Virudhunagar,KKSSN MEMORIAL MIDDLE SCHOOL ROSALPATTI,"1/71 KKSSN NAGAR ,ROSALPATTI,VIRUDHUNAGAR",626001
24039,VIRUDHUNAG,Virudhunagar,"KPMJHS HOWA BIBI MS, VIRUDHUNAGAR","KPMJHS HOWVA BIBI MIDDLE SCHOOL 79,Ahamed Nagar,VIRUDHUNAGAR",626001
24040,VIRUDHUNAG,Virudhunagar,"KSHATRIYA VIDHYASALA CENTENARY SCHOOL, VIRUDHUNAGAR",RAMAMOORTHY ROADNear to Govt Hospital,626001
24041,VIRUDHUNAG,Virudhunagar,"KSHATRIYA VIDHYASALA ENGLISH MEDIUM SCHOOL , KOORAIKUNDU",OPPOSITE TO COLLECTORATE\VIRUDHUNAGAR,626002
24042,VIRUDHUNAG,Virudhunagar,KVS HSS VIRUDHUNAGAR,104 MADURAI ROADKATCHRAI ROAD,626001
24043,VIRUDHUNAG,Virudhunagar,"KVS MATRICULATION HSS SCHOOL, VIRUDHUNAGAR",OPPOSITE TO COLLECTORATEVIRUDHUNAGAR,626002
24044,VIRUDHUNAG,Virudhunagar,"KVS MIDDLE SCHOOL, SENGUNDRAPURAM","KVS middle School, Sengundrapuram",626103
24045,VIRUDHUNAG,Virudhunagar,"KVS MIDDLE SCHOOL, VIRUDHUNAGAR","4/Katcheri Road,near old bus stand,",626001
24046,VIRUDHUNAG,Virudhunagar,MCNUPDA HSS M.CHINNAIYAPURAM,"M..C.N.U.P.DEVASAKAYAM ANNATHAYAMMAL HR.SEC.SCHOOL M.CHINNAIAHPURAM, K.G.KOVIL POST",626204
24047,VIRUDHUNAG,Virudhunagar,"MSPN MUNICIPAL MIDDLE SCHOOL, VIRUDHUNAGAR",30/152/SMG SCHOOL STREET,626001
24048,VIRUDHUNAG,Virudhunagar,"MUNICIPAL MIDDLE SCHOOL, SIVAN KOVIL ST, VIRUDHUNAGAR",sivan kovil streetwest car street,626001
24049,VIRUDHUNAG,Virudhunagar,"MUNICIPAL MIDDLE SCHOOL,RAMAMOORTHY ROAD","MUNICIPAL MIDDLE SCHOOL RAMAMOORTHY ROAD ,F
.F  ROAD, VNR.",626001
24050,VIRUDHUNAG,Virudhunagar,"MUNICIPAL MUSLIM MIDDLE SCHOOL, VIRUDHUNAGAR",pavali roadVIRUDHUNAGAR,626001
24051,VIRUDHUNAG,Virudhunagar,P.S.T.M.SEVENTH DAY ADVENTISTS MATRIC HSS VIRUTHUNAGAR,"Mallanginar  Road, VirudhunagarMallanginar  Road, Virudhunagar",626001
24052,VIRUDHUNAG,Virudhunagar,PUMS KUPPAMPATTI,kuppampatti/pattampudur post,626003
24053,VIRUDHUNA GAR,Virudhunagar,PUMS KUPPAMPATTI,kuppampatti/pattampudur post,
24054,VIRUDHUNAG,Virudhunagar,PUMS MARULOOTHU,"PUMS,Maruloothu\Inam Reddiapatti PO,VNR",626003
24055,VIRUDHUNAG,Virudhunagar,PUMS O.KOVILPATTI,pums o kovilpattisankaralingapuram po virudhunagar dist,626119
24056,VIRUDHUNAG,Virudhunagar,PUMS THADANGAM,PUMS THADANGAM R.R.NAGAR VIRUDHUNAGAR - 626204,626204
24057,VIRUDHUNA GAR,Virudhunagar,PUMS THADANGAM,PUMS THADANGAM R.R.NAGAR VIRUDHUNAGAR - 626204,
24058,VIRUDHUNAG,Virudhunagar,"PUMS, THATHAMPATTI",PUMS THATHAMPATTI.MEESALOOR POST. VIRUDHUNAGAR,626003
24059,VIRUDHUNAG,Virudhunagar,"PUMS,A.PUDHUPATTI",pums   a.pudupattiA. Pudupatti (Post)  RR Nagar via,626204
24060,VIRUDHUNAG,Virudhunagar,"PUMS,CHINNAMOOPANPATTI",PUMS ChinnamoopanpattiVadamalaikurichi post,626001
24061,VIRUDHUNAG,Virudhunagar,"PUMS,MOOLIPATTI",Moolipatti PoAmathur Via,626005
24062,VIRUDHUNAG,Virudhunagar,"PUMS,PELAMPATTI","PUMS PELAMPATTI, NEW RAILWAY COLONY,VIRUDHUNAGAR",626001
24063,VIRUDHUNAG,Virudhunagar,"RAMCO VIDYALAYA, R.R.NAGAR","RAMASAMY RAJA NAGAR,VACHAKARAPATTI VILLAGE,VIRUDHUNAGAR DISTRICT,TAMILNADU",626204
24064,VIRUDHUNAG,Virudhunagar,"RAO BAHADUR MSPS MUNICIPAL HIGH SCHOOL, VIRUDHUNAGAR","MUTHURAMANPATTI,VIRUDHUNAGAR",626001
24065,VIRUDHUNAG,Virudhunagar,RC HSS VIRUDHUNAGAR,R.C.Hr.Sec.SchoolArockia nagar.,626001
24066,VIRUDHUNAG,Virudhunagar,"SARASWATHI AMMAL LIONS MATRICULATON SCHOOL, VIRUDHUNAGAR","89/10, Aruppukottai Road,Virudhunagar",626001
24067,VIRUDHUNAG,Virudhunagar,SFS MAT SCHOOL,SFS MAT SCHOOL,626001
24068,VIRUDHUNAG,Virudhunagar,"SHRI VISHWAKARMA SEVA VIDYALAYA, VIRUDHUNAGAR",MUTHUMARIAMMAN KOVIL NEARGANDHI NAGAR,626001
24069,VIRUDHUNAG,Virudhunagar,SMG MUNICIPAL MS VIRUDHUNAGAR,smg mpl ms virudhunagar\thantimara street.smg mpl ms virudhunagar,626001
24070,VIRUDHUNAG,Virudhunagar,SOWDAMBIGAI HSS  VIRUDHUNAGAR,MUTHURAMAN STREETALLAMPATTI,626001
24071,VIRUDHUNAG,Virudhunagar,"SRI VIDHYA MATRICULATION SCHOOL, P.KUMARALINGAPURAM",ALAGAPURI MAIN ROADVIRUDHUNAGAR,626005
24072,VIRUDHUNAG,Virudhunagar,"SSSN GOVT HR SEC SCHOOL, VIRUDHUNAGAR",Near G HMallankinaru road,626001
24073,VIRUDHUNAG,Virudhunagar,ST.XAVIER'S HS K.PUDUR,ST.XAVIER HIGH SCHOOLT.AMMAPATTI,626204
24074,VIRUDHUNAG,Virudhunagar,SVA MS VIRUDHUNAGAR,"52, Gurunathan Kovil Street, Virudhunagar",626001
24075,VIRUDHUNAG,Virudhunagar,TELC MS VIRUDHUNAGAR,TELC  MIDDLE SCHOOLPERIYA KALIAMMAN KOVIL STREET VIRUDHUNAGAR,626001
24076,VIRUDHUNAG,Virudhunagar,"THIRUVALLUVAR VIDHYASALA MIDDLE SCHOOL, VIRUDHUNAGAR",117&119 PULUGANURANI ROADNEAR OLD BUS STAND,626001
24077,VIRUDHUNAG,Virudhunagar,"TPNM GIRLS HIGHER SECONDARY SCHOOL, VIRUDHUNAGAR",COLLEGE ROADVIRUDHUNAGAR,626001
24078,VIRUDHUNAG,Virudhunagar,"VIRUDHUNAGAR MATRICULATION SCHOOL, VIRUDHUNAGAR",VMS TTKIRSHNAMACHARI ROADVIRUDHUNAGAR,626001
24079,VIRUDHUNAG,Virudhunagar,VKMJHSHB GIRLS HR SEC SCHOOL,"158,SEETHAKATHI STREET,VIRUDHUNAGAR",626001
24080,VIRUDHUNAG,Virudhunagar,"VMGRR SARADHA SM HSS, VIRUDHUNAGAR","89-A, RAMAMOORTHY ROAD,VIRUDHUNAGAR",626001
24081,VIRUDHUNAG,Virudhunagar,"VPP HIGHER SECONDARY SCHOOL, Virudhunagar",POUND STREETMUTHURAMANPATTI,626001
24082,VIRUDHUNAG,Virudhunagar,"WISDOM WEALTH INTERNATIONAL SCHOOL, MARULOOTHU","SATTUR VIRUTHUNAGAR HIGHWAY, VAIPUTTANPATTI VILLAGE, INAMREDDIYAPATTI po",626003
24083,VIRUDHUNAG,Watrap,"G.H.S, THULUKKAPATTI","GOVT HIGH SCHOOL, THULUKKAPATTI.SRIVILLIPUTTUR TALUK.",626149
24084,VIRUDHUNAG,Watrap,"GHS, AYANKARISALKULAM",GHS AYANKARISALKULAM - 33260804804GHS AYANKARISALKULAM 33260804804,626149
24085,VIRUDHUNAG,Watrap,"GHS, KEELAKOTTAIYUR",KEELAKOTTAIYURMAHARAJAPURAM POST,626149
24086,VIRUDHUNAG,Watrap,"GHS, SEELNAICKANPATTI",kadaneri poVirudhunagar Dt,626149
24087,VIRUDHUNAG,Watrap,"GOVERNMENT GIRLS HIGHER SECONDARY SCHOOL, KOOMAPATTI","DAM ROAD
KOOMAPATTI - PO WATRAP - TK",626133
24088,VIRUDHUNAG,Watrap,"GOVERNMENT HIGHER SECONDARY SCHOOL, KOOMAPATTI","DAM ROAD, KOOMAPATTI",626133
24089,VIRUDHUNAG,Watrap,"GOVERNMENT HIGHER SECONDARY SCHOOL, MAHARAJAPURAM",GOVT HR SEC SCHOOL MAHARAJAPURAM,626149
24090,VIRUDHUNAG,Watrap,"GOVERNMENT HIGHER SECONDARY SCHOOL, MELAGOPALAPURAM",GHSS MELAGOPALAPURAMSESHAPURAM -PO,626116
24091,VIRUDHUNAG,Watrap,"GOVERNMENT HIGHER SECONDARY SCHOOL, S.AMMAPATTI",GOVERNMENT HIGHER SECONDARY SCHOOL S.AMMAPATTI,626138
24092,VIRUDHUNAG,Watrap,"GOVERNMENT HIGHER SECONDARY SCHOOL, SUNDARAPANDIAM",GHSS SUNDARAPANDIAM,626126
24093,VIRUDHUNAG,Watrap,"GOVERNMENT HIGHER SECONDARY SCHOOL, THAILAPURAM",ThailapuramThailapuram,626149
24094,VIRUDHUNAG,Watrap,Govt A.D.W.MIDDLE SCHOOL AGASAMPATTI,"G.A.D.W.M.S AGASAMPATTI, WATRAP",626132
24095,VIRUDHUNAG,Watrap,"GOVT ADW HIGH SCHOOL, KOTTAIYUR","GOVT ADW HIGH SCHOOL, KOTTAIYUR",626149
24096,VIRUDHUNAG,Watrap,HINDU (G)H.S.WATRAP,"2, CHATTIRAM STREET,WATRAP",626132
24097,VIRUDHUNAG,Watrap,HINDU H.S.S.  WATRAP,"1, Chathiram street, watrap",626132
24098,VIRUDHUNAG,Watrap,"KALAIMAGAL HSS, S.RAMACHANDRAPURAM","304 KALAIMAGAL STREET, S.RAMACHANDRAPURAM
626 126.",626126
24099,VIRUDHUNAG,Watrap,"KAMARAJ M.S, KUNNUR","Main road, kunnur",626138
24100,VIRUDHUNAG,Watrap,"LINGA GLOBAL SCHOOL.,KRISHNANKOVIL","Anand Nagar, Krishnan koil - 626126.",626126
24101,VIRUDHUNAG,Watrap,NADAR H.S.S  WATRAP,MAINROADWATRAP PO,626132
24102,VIRUDHUNAG,Watrap,P U M S KUNNUR,"Kalyanipuram road,  KunnurSrivilliputhur",626138
24103,VIRUDHUNAG,Watrap,P.U.M.S KANSAPURAM,"METTU STREET,KHANSAPURAM",626133
24104,VIRUDHUNAG,Watrap,P.U.M.S MATHUR,PUMS MATHURMAHARAJAPURAM POST,626142
24105,VIRUDHUNAG,Watrap,P.U.M.S MEENAKSHIPURAM,GOPALAPURAM MAINSESHAPURAM P.O.,626116
24106,VIRUDHUNAG,Watrap,P.U.M.S SETHUNARAYANAPURAM,PUMS SETHUNARAYANAPURAM,626132
24107,VIRUDHUNAG,Watrap,P.U.M.S.NEDUNKULAM,"PUMS NEDUNGULAM,KOOMAPATTI (POST)",626133
24108,VIRUDHUNAG,Watrap,P.U.M.S.THAMBIPATTI,ALAGAPURI MAIN ROAD\THAMBIPATTI,626149
24109,VIRUDHUNAG,Watrap,R.C M.S W.PUDUPATTI,"christian petta road,W.Pudhupatti",626116
24110,VIRUDHUNAG,Watrap,"R.C.HS.,AYANNATHAMPATTI",RC STREETSRIVILLIPUTTUR TALUK,626138
24111,VIRUDHUNAG,Watrap,"RANGARAO LIONS GIRLS MATRICULATION SCHOOL, WATRAP",99 Agraharam south streetWatrap,626132
24112,VIRUDHUNAG,Watrap,"RANGARAO LIONS MATRICULATION HR. SEC SCHOOL, MAHARAJAPURAM","9/142A1, Near Anjaneyar Temple, Alagapuri Road, Maharajapuram, Watrap (TK).",626149
24113,VIRUDHUNAG,Watrap,"SRI RENUGA HINDU HIGH SCHOOL, W.PUDHUPATTI",KANSAAPURAM ROADW.PUDUPATTI,626116
24114,VIRUDHUNAG,Watrap,T.E.L.C .M.S.RAMASAMIPURAM,"TELC MS RAMASAMIAPURAM, KOOMAPATTI",626133
24115,VIRUDHUNAG,Watrap,"VIVEKANANTHA VIDYA MANDIR.,AKKANAPURAM","2/126, Watrap - Alagapuri roadAkkanapuram",626149
