SNO,DISTRICT,BLOCK NAME,SCHOOL NAME,SCHOOL ADDRESS,PINCODE,
1,ARIYALUR,Andimadam,ADW HSS POOVANIPATTU,MAINROADANIKIUTHICHAN,621803,
2,ARIYALUR,Andimadam,ADWHS VILANTHAI,ADWHS - VILANTHAITHILAGAR NAGAR ANDIMADAM,621801,
3,ARIYALUR,Andimadam,ALANGARA ANNAI(GIRLS) HSS VARADHARAJANPET,North Street Varadarajanpet,621805,
4,ARIYALUR,Andimadam,ANNAI LOURD(GIRLS)HSS THENNUR,NEW STREET THENNUR ANDIMADAM TK ARIYALUR DT,621805,
5,ARIYALUR,Andimadam,DON BOSCO HR SEC SCHOOL VARADARAJANPET,DON BOSCO STREET VARADARAJANPETANDIMADAM TK,621805,
6,ARIYALUR,Andimadam,FRANS SCHLOOZ SCHOOL OF EXCELLENCE (CBSE),,,
7,ARIYALUR,Andimadam,GHS (GIRLS) ANDIMADAM,VILANDAI-ANDIMADAM,621801,
8,ARIYALUR,Andimadam,GHS ELAIYUR,Kadaiveethi Mainroad- Elaiyur,621806,
9,ARIYALUR,Andimadam,GHS KAVARAPALAYAM,KavarapalayamAndimadam,608901,
10,ARIYALUR,Andimadam,GHS KODDUKKUR,MAIN ROADKODUKKUR,621719,
11,ARIYALUR,Andimadam,GHS KOOVATHUR,GHS- KOOVATHURGHS- KOOVATHUR,621803,
12,ARIYALUR,Andimadam,GHS KUVAGAM,MAIN ROAD KUVAGAM,621710,
13,ARIYALUR,Andimadam,GHS NAGAMPANTHAL,Sivan koil streetnagampanthal,608901,
14,ARIYALUR,Andimadam,GHS OLAIYUR,ANDIMADAM TALUK ARIYALUR DISTRICT,608901,
15,ARIYALUR,Andimadam,GHS PERIYATHATHUR,MAIN ROAD PERIYATHATHUR,621805,
16,ARIYALUR,Andimadam,GHS SILAMBUR,vavanam road in silambur post Andimadam tk Ariyalur Dt.,608901,
17,ARIYALUR,Andimadam,GHS THIRUKALLAPUR,GHS THIRUKALAPUR ANDIMADAM BLOCKSENDURAI EDN(DT) ARIYALUR(DT),621805,
,,,,,,
SNO,DISTRICT,BLOCK NAME,SCHOOL NAME,SCHOOL ADDRESS,PINCODE,
18,ARIYALUR,Andimadam,GHSS ANDIMADAM,KADUVETTI ROADNEAR ANDIMADAM POLICE STATION,621801,
19,ARIYALUR,Andimadam,GHSS EDAIYAKURICHI,MAIN ROAD EDAYAKURICHI(PO)ANDIMADAM (TK)ARIYALUR (DT),621719,
20,ARIYALUR,Andimadam,GHSS ELAIYUR-VARIYANKAVAL,MAINROAD GOVT HR SEC SCHOOL ELAIYUR-VARIYANKAVAL,621806,
21,ARIYALUR,Andimadam,GHSS MARUDHUR,MAIN ROAD MARUDUR-621710,621710,
22,ARIYALUR,Andimadam,GOVT HSS ALAGAPURAM,Olaiyur road Alagapuram,608901,
23,ARIYALUR,Andimadam,GOVT HR SEC SCHOOL AYYUR,AYYUR AYYUR-PO ANDIMADAM-TK ARIYALUR-DT,608901,
24,ARIYALUR,Andimadam,OHM SAKTHI MATRICULATION SCHOOL,OLAIYUR - ALAGAPURAM ROAD OLAIYUR,608901,
25,ARIYALUR,Andimadam,PUMS AGARAM,PUMS AGARAM ALAGAPURAM(PO) ANDIMADAM BLOCK ARIYALUR DT 608901,608901,
26,ARIYALUR,Andimadam,PUMS CHINNAKARUKKAI,ChinnakarukkaiNagambanthal Post,608901,
27,ARIYALUR,Andimadam,PUMS CHINNATHUKURICHI,PANCHAYAT UNION MIDDLE SCHOOLCHINNATHUKURICHI,608901,
28,ARIYALUR,Andimadam,PUMS DEVANUR,MAIN ROADDEVANUR,621806,
29,ARIYALUR,Andimadam,PUMS DEVANUR,MAIN ROAD DEVANUR,,
30,ARIYALUR,Andimadam,PUMS K VALLAM,K VALLAM PO ANDIMADAM TK,621710,
31,ARIYALUR,Andimadam,PUMS KANGUZHI,PUMS KANGUZHIKANGUZHI,621719,
32,ARIYALUR,Andimadam,PUMS KATTATHUR,PUMS KATTATHURKATTATHUR andimadam block,621803,
33,ARIYALUR,Andimadam,PUMS KEELAPATTI,P U MIDDLE SCHOOLKEELAPATTI,621710,
,,,,,,
SNO,DISTRICT,BLOCK NAME,SCHOOL NAME,SCHOOL ADDRESS,PINCODE,
34,ARIYALUR,Andimadam,PUMS KOOVATHUR EAST,PANCHAYATH UNION MIDDLE SCHOOL KOOVATHUR EAST KOOVATHUR POST ANDIMADAM TK ARIYALUR DIPANCHAYATH UNION MIDDLE SCHOOL KOOVATHUR EAST KOOVATHUR POST ANDIMADAM TK ARIYALUR Dt,621803,
35,ARIYALUR,Andimadam,PUMS KOVILVALKKAI,PUMS KOVILVALKKAI ANDIMADAM BLOCK ARIYALUR DIPUMS KOVILVALKKAI ANDIMADAM BLOCK ARIYALUR Dt,621805,
36,ARIYALUR,Andimadam,PUMS KUVAGAM EAST,ponparappi viaUdayarpalayam,621710,
37,ARIYALUR,Andimadam,PUMS PATTANAKURICHI,VARIYANKAVAK MAIN ROADPATTANAMKURICHY,621801,
38,ARIYALUR,Andimadam,PUMS PERIYAKRISHNAPURAM,p.u.m.schoolPeriyakrishnapuram,621805,
39,ARIYALUR,Andimadam,PUMS THAVADANALLUR,MAIN ROADTHAVADANALLUR,608901,
40,ARIYALUR,Andimadam,PUMS THERKKUPATI MARUTHUR,JAYANKONDAM MAIN ROAD THERKUPPATTI MARUDUR ANDIMADAM TALUK,621710,
41,ARIYALUR,Andimadam,PUMS VILANDHAI -E,MAIN ROADVILANDAI EAST,621801,
42,ARIYALUR,Andimadam,PUMS Z.KULATHUR,WEST STREET Z.KULATHUR (PO) KALLATHUR(VIA) ANDIMAD AM(TK) ARIYALUR(DT),621803,
43,ARIYALUR,Andimadam,PUMS Z.MELUR,PUMS Z MELUR KALLATHUR- THANDALAI(via) ARIYALUR(D.T),621803,
44,ARIYALUR,Andimadam,SHRI SOWBAKYA MATRICULATION HIGHER SECONDARY SCHOOL ANDIMADAM,VIRUDHACHALAM ROADANDIMADAM,621801,
45,ARIYALUR,Andimadam,ST MARY'S MATRICULATION HIGH SCHOOL KAVARAPALAYAM,MAIN ROADVARADARAJANPET VIA,608901,
46,ARIYALUR,Andimadam,ST MARTINS MATRICULATION SCHOOL ANDIMADAM,stmartin matric school andimadam,621801,
47,ARIYALUR,Andimadam,ST.ANNES MS KEELANEDUVAI,St Annes Middle SchoolKeezhaneduvai,621805,
48,ARIYALUR,Ariyalur,ADITYA BIRLA PUBLIC SCHOOL REDDIPALAYAM,THE ADITYA BIRLA PUBLIC SCHOOL REDDIPALAYAM (PO) ARIYALUR (DIST)TAMILNADU,621731,
,,,,,,
SNO,DISTRICT,BLOCK NAME,SCHOOL NAME,SCHOOL ADDRESS,PINCODE,
49,ARIYALUR,Ariyalur,AKILA BHARATHY MATRICULATION HIGH SCHOOL POYYUR,K POYYURK POYYUR,621707,
50,ARIYALUR,Ariyalur,ANNAI INDHIRA HIGH SCHOOL VILANGUDI,ANNAI INDHIRA HIGH SCHOOLBackside to PHC-vilangudi,621704,
51,ARIYALUR,Ariyalur,ARASUNAGAR MATRICULATION HIGHER SECONDARY SCHOOL ARIYALUR,ArasunagarKayarlabath,621729,
52,ARIYALUR,Ariyalur,CSI HSS ARIYALUR,99 MARKET STREET ARIYALUR,621704,
53,ARIYALUR,Ariyalur,GHS ARUNGAL,SATHYA NAGARARUNGAL,621707,
54,ARIYALUR,Ariyalur,GHS AYANATHUR,MAIN ROAD AYANATHUR,621705,
55,ARIYALUR,Ariyalur,GHS KATTUPRINGIUAM,JAYANKONDAM MAIN ROADKATTUPIRINGIYAM,621704,
56,ARIYALUR,Ariyalur,GHS MANAKKUDI,MANAKKUDIMANAKKUDI,621705,
57,ARIYALUR,Ariyalur,GHS NAGAMANGALAM,NAGAMANGALAM ARIYALUR TALUK AND DT,621701,
58,ARIYALUR,Ariyalur,GHS RAYAMPURAM,KEELARAYAMPURAMRAYAMPURAM,621718,
59,ARIYALUR,Ariyalur,GHS REDDIPALAYAM,TRICHY MAIN ROAD V KAIKATI REDDIPALAYAM,621704,
60,ARIYALUR,Ariyalur,GHS SALAYAKURICHI,OTTAKOVIL (PO) ARIYALUR (TK) & (DT),621705,
61,ARIYALUR,Ariyalur,GHS SIRUVALUR,NORTH STREET SCHOOL STREET,621704,
62,ARIYALUR,Ariyalur,GHS THAMARAIKULAM,Sendurai Main RoadThamaraikulam,621704,
63,ARIYALUR,Ariyalur,GHS THELUR,GOVT HIGH SCHOOLTHELUR,621704,
64,ARIYALUR,Ariyalur,GHS VELLUR,THE HEADMASTER GOVT HIGH SCHOOL VELLUR VELLUR POST ARIYALUR- TK & DT,621718,
,,,,,,
SNO,DISTRICT,BLOCK NAME,SCHOOL NAME,SCHOOL ADDRESS,PINCODE,
65,ARIYALUR,Ariyalur,GHS VELLUR,GOVT HIGH SCHOOL VELLUR VELLUR POST ARIYALUR- TK & DT,621704,
66,ARIYALUR,Ariyalur,GHS VILANGUDI,TRICHY MAIN ROAD VILANGUDIARIYALUR,621704,
67,ARIYALUR,Ariyalur,GHSS ARIYALUR,MARKET STREETARIYALUR,621704,
68,ARIYALUR,Ariyalur,GHSS GOVINTHAPURAM,Manakkal RoadGovindapuram,621713,
69,ARIYALUR,Ariyalur,GHSS K AMBAPUR,K AMBAPURKAVANUR POST,621704,
70,ARIYALUR,Ariyalur,GHSS MODEL SCHOOL ASITHINAPURAM,MAIN ROAD ASTHINAPURAM,621704,
71,ARIYALUR,Ariyalur,GHSS POYYATHANALLUR,SENDURAI MAIN ROADPOYYATHANALLUR,621704,
72,ARIYALUR,Ariyalur,GHSS SUNDAKUDI,SUNDAKKUDIARIYALUR(DT),621701,
73,ARIYALUR,Ariyalur,GOLDEN GATES GLOBAL SCHOOL,Voc St,,
74,ARIYALUR,Ariyalur,GOVT AIDED KRV MIDDLE SCHOOL LINGATHADIMEDU,KAYARLABATHLINGATHADIMEDU,621705,
75,ARIYALUR,Ariyalur,GOVT G HS ARIYALUR,MARKET STREETTRICHY MAIN ROAD ARIYALUR,621704,
76,ARIYALUR,Ariyalur,GOVT HR SEC SCHOOL KARU.POYYUR,TRICHY MAIN ROAD K POYYUR,621707,
77,ARIYALUR,Ariyalur,GOVT HR SEC SCHOOL PERIYATHIRUKONAM,PERIYATHIRUKKONAMPERIYATHIRUKKONAM,621701,
78,ARIYALUR,Ariyalur,GOVT MIDDLE ATHANUR,GOVT MIDDLE SCHOOLADHANUR,621701,
79,ARIYALUR,Ariyalur,KGBV SCHOOL- KARU SENAPATHY,KGBV KARUSENAPATHY,621707,
80,ARIYALUR,Ariyalur,MONTFORT MATRICULATION HIGHER SECONDARY SCHOOL ARIYALUR,MONTFORT MATRIC HR SEC SCHOOL RAJAJI NAGAR (VIA) ARIYALUR,621713,
81,ARIYALUR,Ariyalur,NALANDHA HR SEC SCHOOL RAYAMPURAM,Rayampuram post621718,621718,
,,,,,,
SNO,DISTRICT,BLOCK NAME,SCHOOL NAME,SCHOOL ADDRESS,PINCODE,
82,ARIYALUR,Ariyalur,NIRMALA (G) HSS ARIYALUR,MELA AGRAGARA TRICHY MAIN ROAD ARIYALUR,621704,
83,ARIYALUR,Ariyalur,NIRMALA MATRICULATION SCHOOL ARIYALUR,Nirmala Matric Hr Sec School Trichy main Road Ariyalur,621704,
84,ARIYALUR,Ariyalur,PARIVALLAL HSS NAGAMANGALAM,Muthuvancheery RoadNagamangalam Post,621701,
85,ARIYALUR,Ariyalur,PUMS AATHIKUDIKKADU,PANCHAYAT UNION MIDDLE SCHOOLAATHIKUDIKKAADU,621714,
86,ARIYALUR,Ariyalur,PUMS ANDIPATTAKADU,Andipattakadu Pungankuzhi postAmbapur via,621701,
87,ARIYALUR,Ariyalur,PUMS ASTHINAPURAM,PUMSASTHINAPURAM,621704,
88,ARIYALUR,Ariyalur,PUMS CHETTITHIRUKKONAM,P.U.M SCHOOL CHETTITHIRUKKONAM,621701,
89,ARIYALUR,Ariyalur,PUMS EDAYATHANKUDI,Panchayat Union Middle School Edayathankudi,621707,
90,ARIYALUR,Ariyalur,PUMS ELUPPAIYUR,ELUPPAIYUR POSTARIYALUR TK &DT,621718,
91,ARIYALUR,Ariyalur,PUMS KALLAKKUDI,MIDDLE STREET KALLAKKUDIP U M S KALLAKKUDI MIDDLE STREET/KALLAKKUDI,621707,
92,ARIYALUR,Ariyalur,PUMS KARU SENAPATHI,PUMS KARU SENAPATHI MELAKARUPPUR KEELAPALUR (VIA)ARIYALUR (T K) & (DT),621707,
93,ARIYALUR,Ariyalur,PUMS KARUVIDACHERY,PUMS KARUVIDAICHERY KEELAPALUVUR (PO),621707,
94,ARIYALUR,Ariyalur,PUMS MANNUZHI,P.U.M SCHOOL MANNUZHIPERIYANAGALUR PO,621704,
95,ARIYALUR,Ariyalur,PUMS MUNIYANKURICHY,Periyathirukkonam - PostAriyalur - Tk,621701,
96,ARIYALUR,Ariyalur,PUMS O KOTHUR,Panchayat union middle schoolO Koothur,621705,
97,ARIYALUR,Ariyalur,PUMS OTTAKKOVIL,KALLANKURICHI (VIA) OTTAKKOVIL ARIYALUR TK,621705,
98,ARIYALUR,Ariyalur,PUMS P OTTAKKOVIL,PUMS P OTTAKOVIL AMBAPUR VIA PUNGANGUZHI POSTARIYALUR DISTRICT,621701,
,,,,,,
SNO,DISTRICT,BLOCK NAME,SCHOOL NAME,SCHOOL ADDRESS,PINCODE,
99,ARIYALUR,Ariyalur,PUMS PALLAKRISHNAPURAM,PUMS  PALLAKRISHNAPURAMMAL SUBRAYAPURAM(PO),621704,
100,ARIYALUR,Ariyalur,PUMS PUTHUPALAYAM,siruvalur (p.o)Ariyalur,621704,
101,ARIYALUR,Ariyalur,PUMS SENNIVANAM,PANCHAYAT UNION MIDDLE SCHOOLSENNIVANAM,621718,
102,ARIYALUR,Ariyalur,PUMS VALAJA NAGARAM,JAYANKONDAM MAIN ROADARIYALUR TALUK & DISTRICT,621704,
103,ARIYALUR,Ariyalur,PUMS VELIPRINKIUM,VeliperingiyamPeriyathirukokkonam (tk)Ariyalur,621701,
104,ARIYALUR,Ariyalur,RC NIRMALA GANDHI MIDDLE SCHOOL ARIYALUR,RAJAJI NAGARARIYALUR,621713,
105,ARIYALUR,Ariyalur,S K V P KOIL GIRLS HIGH SCHOOL KALLANKURICHI,sri kaliyuga varadharaja perumal koil girls high school kallankurichi Ariyalur Tk&Dt,621705,
106,ARIYALUR,Ariyalur,SABARMATHI VIDHYALAYA PUBLIC SCHOOL ARIYALUR,kollapurameruthukaranpatti,621713,
107,ARIYALUR,Ariyalur,SRI RAMAKRISHANA PUBLIC SCHOOL VENKATAKRISHNAPURAM,SRI RAMAKRISHNA ARIYALURvenkatakrishnapuram,621704,
108,ARIYALUR,Ariyalur,ST.MARY'S HIGH SCHOOL ARIYALUR,Ponnusamy aranmanai street Ariyalur,621704,
109,ARIYALUR,Ariyalur,THE ADITYA BIRLA MATRICULATION SCHOOL REDDIPALAYAM,THE ADITYA BIRLA MATRICULATION SCHOOL REDDIPALAYAM ARIYALUR TK & DT,621731,
110,ARIYALUR,Ariyalur,VENUS MATRICULATION HIGH SCHOOL ARIYALUR,63JI KAMARAJ NAGAR V th CROSS ARIYALURS63JI KAMARAJ NAGAR Vth CROSS ARIYALUR,621713,
111,ARIYALUR,Ariyalur,VIDHYA MANDIR PUBLIC SCHOOL THAMARAIKULAM,SENDURAI ROADTHAMARAIKULAM,621705,
112,ARIYALUR,Ariyalur,VINAYAGA PUBLIC SCHOOL MELAKARUPPUR,vinayagapublic school Mellakarupur Mellakarupur,621704,
113,ARIYALUR,Jayankondam,ANNAI TERESA MATRICULATION SCHOOL JAYANKONDAM,Jayankondam\Sendurai Road Near Bus Depot,621802,
114,ARIYALUR,Jayankondam,CSI HSS MAHIMAIPURAM,VIRUDACHALAM ROADMAHIMAIPURAM,621802,
115,ARIYALUR,Jayankondam,FATHIMA (G) HSS JAYANKONDAM,T PALUR ROAD JAYANKONDAM,621802,
,,,,,,
SNO,DISTRICT,BLOCK NAME,SCHOOL NAME,SCHOOL ADDRESS,PINCODE,
116,ARIYALUR,Jayankondam,FATIMA MATRICULATION HIGHER SECONDARY SCHOOL JAYANKONDAM,MATHANATHUR ROADJAYANKONDAM,621802,
117,ARIYALUR,Jayankondam,GHS (G) JAYANKONDAM,SENDURAI ROAD JAYANKONDAM,621802,
118,ARIYALUR,Jayankondam,GHS ADW VETHIYARVETTU,Govt ADW Hr Sec School VethiyarvettuGovt ADW Hr Sec School Vethiyarvettu,621803,
119,ARIYALUR,Jayankondam,GHS CHINNAVALAYAM,MAIN ROAD CHINNAVALAYAM,621802,
120,ARIYALUR,Jayankondam,GHS DEVAMANGALAM-S,ANAIKARAI MAIN ROADDEVAMANGALAM,612902,
121,ARIYALUR,Jayankondam,GHS ERAVANGUDI,NORTH STREETERAVANGUDI,621803,
122,ARIYALUR,Jayankondam,GHS KOLLAPURAM,sundaravinayagar koil streetkollapuram,612901,
123,ARIYALUR,Jayankondam,GHS MUTHUSERVAMADAM,VELLALAR STREET MUTHUSERVAMADAM,612903,
124,ARIYALUR,Jayankondam,GHS SENGUNTHAPURAM,MAIN ROADSENGUNTHAPURAM,621802,
125,ARIYALUR,Jayankondam,GHSS (G) MEENSURUTTI,NIL,612903,
126,ARIYALUR,Jayankondam,GHSS (G) UDAYARPALAYAM,vellallar stst,621804,
127,ARIYALUR,Jayankondam,GHSS GANGAIKONDACHOLAPURAM,KAVARAI STREET GANGAIKONDACHOLAPURAM,612901,
128,ARIYALUR,Jayankondam,GHSS KALLATHUR THANDALAI,VIRUTHACHALAM MAIN ROAD KALLATHUR (PO),621803,
129,ARIYALUR,Jayankondam,GHSS MEENSURUTTI,MAIN ROAD MEENSURUTTY,612903,
130,ARIYALUR,Jayankondam,GHSS MELANIKUZHI,AMMANKOIL STREETMELANIKUZHI,612903,
131,ARIYALUR,Jayankondam,GHSS T.KEELAVELI,MIDDLE STKEELAVELI,621804,
132,ARIYALUR,Jayankondam,GHSS T.POTTAKKOLLAI,TRICHY MAIN ROADT.POTTAKOLLAI,621804,
,,,,,,
SNO,DISTRICT,BLOCK NAME,SCHOOL NAME,SCHOOL ADDRESS,PINCODE,
133,ARIYALUR,Jayankondam,GHSS UDAYARPALAYAM,chetiyar streetudayarpalayam,621804,
134,ARIYALUR,Jayankondam,GHSS ULKOTTAI,MAIN ROAD ULKOTTAIMAIN ROAD ULKOTTAI,612905,
135,ARIYALUR,Jayankondam,GHSS VANATHIRAYANPATTANAM,MAIN ROAD / UDAYARPALAYAM TK ARIYALUR DT,621804,
136,ARIYALUR,Jayankondam,GMHSS JAYANKONDAM,TRICHY MAIN ROADJAYANKONDAM,621802,
137,ARIYALUR,Jayankondam,GMS-AYUTHAKALAM NORTH,MAIN ROAD AYUTHAKALAM NORTH-612901,612901,
138,ARIYALUR,Jayankondam,GOVERNMENT HIGH SCHOOL  T CHOZHANKURICHI,GHS T CHOZHANKURICHI\UDAYARPALAYAM TALUK,621804,
139,ARIYALUR,Jayankondam,GOVT HSS AYYAPPANAYAKKANPETTAI,KOVIL STREET AYYAPPANAYAKKANPETTAI,612903,
140,ARIYALUR,Jayankondam,HELAN KELLER SPECIAL SCHOOL,J CROSS ROADKOLLAPURAM PO,612901,
141,ARIYALUR,Jayankondam,INDRA PUBLIC HR SEC SCHOOL  THALUTHALAIMEDU,THALUTHALAIMEDUJAYANKONDAM,612901,
142,ARIYALUR,Jayankondam,JAI HIND INTERNATIOANL VIDHYALAYA SCHOOL  GURUVALAPPARKOVIL,JAI HIND INTERNATIOANL VIDHYALAYA SCHOOL  GURUVALAPPARKOVIL,,
143,ARIYALUR,Jayankondam,JAIHINDH INTERNATIONAL VIDHYALAYAV,,,
144,ARIYALUR,Jayankondam,MEENAAKSHI RAMASAMY HSS THATHANUR,MR KALVI NAGAR THATHANUR PO UDAYARPALAYAM  TK ARIYALUR DT,621804,
145,ARIYALUR,Jayankondam,MEENAAKSHI RAMASAMY MATRIC HSS  THATHANUR,MR KALVI NAGAR THATHANUR POUDAYARPALAYAM  TK ARIYALUR DT,621804,
146,ARIYALUR,Jayankondam,MEENAKSHI RAMASAMY VIDHYALAYA  THANTHANUR,MR KALVI NAGAR THATHANUR POUDAYARPALAYAM  TK ARIYALUR DT,621804,
147,ARIYALUR,Jayankondam,MODERN MATRICULATION HIGHER SECONDARY  SCHOOL JAYANKONDAM,16 BEHIND GHJAYANKONDAM,621802,
148,ARIYALUR,Jayankondam,MRV RAJA HR SEC SCHOOL PAPPAKUDI,MKV KAJ HIGH SCHOOL KALLATHUK KUAD  PAPPAKUDIMRV RAJA HIGH SCHOOL KALLATHUR  ROAD PAPRAKLIDL,612903,
149,ARIYALUR,Jayankondam,N R PUBLIC SCHOOL UDAYARPLAYAM,653/4B-12 Cholangkurichi Road Udayarpalayam Ariyalur -Dt,621804,
,,,,,,
SNO,DISTRICT,BLOCK NAME,SCHOOL NAME,SCHOOL ADDRESS,PINCODE,
150,ARIYALUR,Jayankondam,NALLASIRIAR THIRU RAMACHANDRA HIGH SCHOOL,TRICHY MAIN ROADTHATHANUR,621804,
151,ARIYALUR,Jayankondam,NOWFAL MATRICULATION SCHOOL,VELLAITELLATYAK KOVIL STREET UDAYARPALAYAMAIPELLAIYAR KOVIL STREET LIDAVARPAL AYAM,621804,
152,ARIYALUR,Jayankondam,PERIYAR MATRICULATION HSS JAYANKONDAM,KALVIKRAMAMJAYANKONDAM POST,621802,
153,ARIYALUR,Jayankondam,PM PUBLIC SCHOOL,,,
154,ARIYALUR,Jayankondam,PUMS-SOORIYAMANAL,SOORIYAMANAL UDAYARPALAYAM TALUK ARIYALUR DISTRICTARIYALUR DISTRICT,621802,
155,ARIYALUR,Jayankondam,PUMS MEIKKAVALPUTHUR,PANCHAYAT UNION MIDDLE SCHOOL MEIKKAVALPUTTHUR UDAYARPALAYAM (TK) ARIYALUR (DT)-612901P EZHILARASI W/O RATTHINAM NO 17A INDHIRA NAGAR JAYANKONDAM UDAYARPALAYAM (TK) ARIYALUR (DT),621802,
156,ARIYALUR,Jayankondam,PUMS-EDAIKATTU,MAIN ROAD EDAIKATTUULKOTTAI POST,612905,
157,ARIYALUR,Jayankondam,PUMS-EDAIYAR,EAST STREET EDAIYAR UDAIYARPALAYAM(PO) ARIYALUR(DT),621804,
158,ARIYALUR,Jayankondam,PUMS-KACHIPERUMAL,MAIN ROAD KATCHIPERUMALUDAYARPALAYAM TALUK,621804,
159,ARIYALUR,Jayankondam,PUMS-KADARANKONDAN,PACHAYAT UNION MIDDLE SCHOOL KADARANKUNDAN GANGAIKONDACHOLAPURAM VIA UDAYARPALAYAM T K ARIYALUR DTR GEETHA 11C SOUTH VELLALLAR STREET JAYANKONDAM P O UDAYARPALAYAM T K ARIYALUR D T,612901,
160,ARIYALUR,Jayankondam,PUMS-KAZHUVANTHONDI,PANCHAYAT UNION MIDDLE SCHOOL KAZHUVANTHONDI UDAYARPALAYAM TAULK ARIYALUR DISTRICT143C KADAI VEETHI JAYANKONDAM ARIYALUR DISTRICT,621802,
161,ARIYALUR,Jayankondam,PUMS-MELAKUDIYIRUPPU,Middle street Karadikulam(PO) Udaiyarpalayam Tk Ariyalur Dt Pin-621802,621802,
162,ARIYALUR,Jayankondam,PUMS-NARASINGAMPALAYAM,VANGUDI POST UDAYARPALAYAM TALUK ARIYALUR DISTRICT,612903,
,,,,,,
SNO,DISTRICT,BLOCK NAME,SCHOOL NAME,SCHOOL ADDRESS,PINCODE,
163,ARIYALUR,Jayankondam,PUMS-PADAINILAI,PUMS PADAINILAI PADAINILAI POST MEENSURUTTI VIA UDAYARPALAYAM TALUK ARIYALUR DISTRICT PINCODE 612903,612903,
164,ARIYALUR,Jayankondam,PUMS-PICHANUR,pichanur-612901121 west street NAGALKUZHI-621806,612901,
165,ARIYALUR,Jayankondam,PUMS-PUDHUCHAVADI,P.U.M.SCHOOL PUDHUCHAVADIUDAYARPALAYAM TK ARIYALUR,621802,
166,ARIYALUR,Jayankondam,PUMS-SALUPPAI,WEST STREET SALLUPAIP THAIYAL NAAYGI HM GANAGAI KONDA CHOLA PURAM,612903,
167,ARIYALUR,Jayankondam,PUMS-SUNDIPALLAM,PANCHAYAT UNION MIDDLE SCHOOL SUNDIPALLAM MUTHUSERVAMADAM PO UDAYARPALAYAM T.K ARIYALUR D.T.S. KIRUSHNAKUMARI 34/11 MADURA COMLEX SOUTH VELLALAR STREET JAYANKONDAM P.O UDAYARPALAYAM T.K AR,612903,
168,ARIYALUR,Jayankondam,PUMS-T.KUDIKADU,PUM SCHOOL T.KUDIKADUUDAYARPALAYAM TALUK,621804,
169,ARIYALUR,Jayankondam,PUMS-THAZHUTHAZAIMEDU,PANCHAYAT UNION MIDDLE SCHOOL MAIN ROAD THAZHUTHAZHAIMEDU PO UDAYARPALAYAM T.K ARIYALUR D.T.K THIRUMURUGAN 5/120 COLONY STREET KUNDAVELI P.O UDAYARPALAYAM T.K ARIYALUR D T.,612903,
170,ARIYALUR,Jayankondam,PUMS-UDAIYARPALAYAM NORTH,PUMS UDAYARPALAYAM PALLIVASAL STREETPALLIVASL STREET,621804,
171,ARIYALUR,Jayankondam,PUMS-VANAVANALLUR,VANAVANALLURVANAVANALLUR,612901,
172,ARIYALUR,Jayankondam,PUMS-VANGUDI,METTU STREET VANGUDI POST JAYANKONDAM BLOCK ARIYALUR DIST.,612903,
173,ARIYALUR,Jayankondam,PUMS-VEERABOGAM,KATTAGARAM POST UDAYARPALAYAM (TK),612903,
174,ARIYALUR,Jayankondam,R C FATHIMA HS VADAVEEKKAM,RC FATHIMA HIGH SCHOOL VADAVEEKAMKALLATHUR - THANDALAI (PO),621803,
175,ARIYALUR,Jayankondam,RAJA SATHA BAKKIYAM HIGH SCHOOL THULARANKURICHI,E.S.KALVI VALAGAM THULARANKURICHIUDAYARPALAYAM(PO & TK) ARIYALUR (DT),621804,
,,,,,,
SNO,DISTRICT,BLOCK NAME,SCHOOL NAME,SCHOOL ADDRESS,PINCODE,
176,ARIYALUR,Jayankondam,RAJAN MIDDLE SCHOOL OKKANATHAM,rajan middle schoolokkanatham,621804,
177,ARIYALUR,Jayankondam,SRI ANNAI MATRICULATION SCHOOL UDAYARAPALAYAM,ANNAI MATRICULATION SCHOOL PERINAYAGI KOVIL SILAL ROAD UDAYARPALAYAM UDAYARPALAYAM (TK) ARIYALUR (DT) 621804PERIYANAYAGI AMMAN KOVIL SILAL ROAD UDAYARPALAYAM,621804,
178,ARIYALUR,Jayankondam,SRI LAKSHMI VIDYALAYA PUBLIC SCHOOL,Jayankondam village Udayarpalayam Taluk Ariyalur District 621802,621802,
179,ARIYALUR,Jayankondam,ST ANDREW S MATRIC SCHOOL-JAYANKONDAM,VELAYUTHA NAGAR9th cross,621802,
180,ARIYALUR,Jayankondam,ST SEPASTIAN MIDDLE SCHOOL VIZHAPPALLAM,Vizhapallam Kallathur(via) Ariyalur(Dt),621803,
181,ARIYALUR,Sendurai,AIDED MID KUMIZHIYAM,NEAR MARIYAMMAN TEMPLEKUMIZHIYAM,621804,
182,ARIYALUR,Sendurai,AIDED MID NAGALKUZHI,east streetnagalkuzhi,621806,
183,ARIYALUR,Sendurai,AIDED MID SCH MUDUKULAM,AMS MUDUKULAM East street mudukulam adanakurichi (po) sendurai tk ariyalur dt,621719,
184,ARIYALUR,Sendurai,AIDED MID VEERAKKAN,VEERAKKAN PILAKURICHI POST ARIYALUR DISTRICT,621806,
185,ARIYALUR,Sendurai,ANNAI HIGH SCHOOL MARAKURICHI,Marakurichi Asaveerankudikkadu(po)Sendurai(Tk) Ariyalur (Dt),621719,
186,ARIYALUR,Sendurai,ARIGNAR ANNA HR SEC SCHOOL SENDURAI,JKM MAIN ROAD SEDAKUDIKADU POST,621710,
187,ARIYALUR,Sendurai,GHS ANGANUR,1 MAIN ROAD ANGANUR POST SENDURAI TK,621709,
188,ARIYALUR,Sendurai,GHS AYANTHATHANUR,AYANTHATHANUR (PO) SENDURAI (TK) ARIYALUR (DT),621709,
189,ARIYALUR,Sendurai,GHS NAMAGUNAM,Govt High Schoolnamangunam,621716,
190,ARIYALUR,Sendurai,GHS SANNASINALLUR,GOVT HIGH SCHOOL SANNASINALLUR 621730 SENDURAI TALUK ARIYALUR DIST,621730,
191,ARIYALUR,Sendurai,GHS-CHOLANKUDIKKADU,CHOLANKUDIKADUSENDURAI TK ARIYALUR DT,621709,
,,,,,,
SNO,DISTRICT,BLOCK NAME,SCHOOL NAME,SCHOOL ADDRESS,PINCODE,
192,ARIYALUR,Sendurai,GHS-MANAPATHUR,ghs manapathur sendurai tk ariyalur dt 621709GHS MANAPPATHUR,621709,
193,ARIYALUR,Sendurai,GHS-NALLAMPALAYAM,MAIN ROADNALLAMPALAYAM ARIYALUR DT,621714,
194,ARIYALUR,Sendurai,GHS-PERIYAKURICHI,MAIN ROAD' PERIYAKRICHI POST 621719,621719,
195,ARIYALUR,Sendurai,GHSS MODEL SCHOOL-SENDURAI,MAIN ROAD SENDURAI,621714,
196,ARIYALUR,Sendurai,GHSS-ANANDAVADI,GOVT HR SEC SCHOOLANANDAVADI,621718,
197,ARIYALUR,Sendurai,GHSS-DALAVOI,GHSS DalavoiGHSS Dalavoi,621730,
198,ARIYALUR,Sendurai,GHS-SIRUKADAMPUR,MARIYAMMAN KOVIL STREET SIRUKADAMBUR,621714,
199,ARIYALUR,Sendurai,GHSS-IRUMBULIKURUCHI,MAIN ROADIRUMBULIKURICHI PO,621804,
200,ARIYALUR,Sendurai,GHSS-KURUCHIKULAM,MAIN ROAD KURICHIKULAM,621719,
201,ARIYALUR,Sendurai,GHSS-PONPARAPPI,GHSS PONPARAPPI SENDURAI TK,621710,
202,ARIYALUR,Sendurai,GHSS-SENDURAI(GIRLS),SENDURAIARIYALUR DT,621714,
203,ARIYALUR,Sendurai,GHS-UNJINI,Peruvizhiyappa Temple street Unjini(po) Sendurai (tk) Ariyalur (Dt),621714,
204,ARIYALUR,Sendurai,GOVT HSS PARANAM,WEST STREETORTH PARANAM,621804,
205,ARIYALUR,Sendurai,GOVT HR SEC SCHOOL MULLUKKURICHI,GHSS MULLUKURICHIADHANAKURICHI POST,621719,
206,ARIYALUR,Sendurai,KALAIMAGAL-HR-SEC-SCHOOL-THULAR,KALAIMAGAL KALVI NAGARTHULAR PO SENDURAI TK,621719,
207,ARIYALUR,Sendurai,PUMS ALATHIYUR,PUM SCHOOL ALATHIYURSENDURAI TK ARIYALUR DT,621719,
208,ARIYALUR,Sendurai,PUMS CHOKKANATHAPURAM,CHOKKANATHAPURAMKADUR POST SENDURAI TK,621716,
,,,,,,
SNO,DISTRICT,BLOCK NAME,SCHOOL NAME,SCHOOL ADDRESS,PINCODE,
209,ARIYALUR,Sendurai,PUMS KEELAMALIGAI,SENDURAIARIYALUR,621710,
210,ARIYALUR,Sendurai,PUMS KURICHIKULAM,COLONY STREET KURICHYKKULAMASAVEERANKUDIKADU PO SENDURAI TK,621719,
211,ARIYALUR,Sendurai,PUMS MANAKKUDAIYAN,PUMS MANAKKUDAIYAN SENDURAI TK ARIYALUR DTPUMS MANAKKUDAIYAN SENDURAI TK ARIYALUR DT,621719,
212,ARIYALUR,Sendurai,PUMS MARUVATHUR,MARUVATHUR POSENDURAI TK,621710,
213,ARIYALUR,Sendurai,PUMS MULLAIYUR,PUMS MULLAIYUR AYANTHATHANUR POST SENDURAI TK ARIYALUR DTMain road anganur sendurai tk ariyalur dt,621730,
214,ARIYALUR,Sendurai,PUMS NAKKAMBADI,PUMSNAKKAMBADI SENDURAI(PO)&(TK) 6217144/16 AN NANAGAR PON KUDIKADU,621710,
215,ARIYALUR,Sendurai,PUMS PALAYAKUDI,pums palayakudipalayakudi p o,621804,
216,ARIYALUR,Sendurai,PUMS PONPARAPPI COLONY,Gandhi nagarponparappi,621710,
217,ARIYALUR,Sendurai,PUMS PUDUPALAYAM,pums pudhupalayam2/171 main road ponparappi,621719,
218,ARIYALUR,Sendurai,PUMS PUDUPALAYAM,pums pudhupalayam,,
219,ARIYALUR,Sendurai,PUMS SIRUKALATHUR,sirukalathur postponparappi via,621710,
220,ARIYALUR,Sendurai,PUMS VANJINAPURAM,PUMS VANJINAPURAM VANJINAPURAM POST SENDURAI TK ARIYALUR DTKULUMUR SENDURAI TK ARIVALUR DT,621714,
221,ARIYALUR,Sendurai,RAMCO VIDYALAYA DALAVOI,Dalavai Sendurai Tk Ariyalur dt,,
222,ARIYALUR,Sendurai,ST PHILOMINAL HR SEC SCHOOL KULUMUR,KULUMUR POST SENDURAI TK ARIYALUR DT,621714,
223,ARIYALUR,Sendurai,ST THERESA MATRICULATION HIGHER SECONDARY SCHOOL SENDURAI,RAILWAY STATION ROAD SENDURAI SENDURAI TK ARIYALUR DT RAILWAY STATION STATION ROAD SENDURAI,621714,
224,ARIYALUR,Sendurai,TSN MATRICULATION SCHOOL DALAVOI,TSN MATRICULATION SCHOOL DALAVOI CEMENT NAGAR POST SENDURAI TK ARIYALUR DT,621730,
,,,,,,
S NO,DISTRICT,BLOCK NAME,SCHOOL NAME,SCHOOL ADDRESS,PINCODE,
225,ARIYALUR,Sendurai,VETRIVINAYAGA HR SEC SCHOOL NALLAMPALAYAM,NALLAMPALAYAMSENDURAI (TK),621714,
226,ARIYALUR,Sendurai,VIDYA MANDIR MATRICULATION HIGHER SECONDARY SCHOOL ALATHIYUR,PAC RAMASAMY RAJA NAGARALATHIYUR,621730,
227,ARIYALUR,T.Palur,BHARATHA MATHA RC HR SEC SCHOOL NADUVALUR,HEAD MASTER BHARATHA MATHA R.C HR SEC. SCHOOL NADUVALURIT PALUR VIA,612904,
228,ARIYALUR,T.Palur,CHOCKALINGAM VEMBU AMMAL HIGH SCHOOL SRIPURANTHAN,492 East street Sripuranthan,621701,
229,ARIYALUR,T.Palur,GHS-GUNAMANGALAM,HEADMASTER GOVT HIGH SCHOOL GUNAMANGALAM POST,621701,
230,ARIYALUR,T.Palur,GHS-NAYAGANAIPRIYAL,SANNATHI ST NAYAGANAIPIRIYAL UDAYARPALLAYAM TK ARIYALUR DT,621804,
231,ARIYALUR,T.Palur,GHS-SATHAMBADI,HEADMASTER GHS SATHAMBADI MAIN ROAD SATHAMBADI POST.,621701,
232,ARIYALUR,T.Palur,GHS-SILAL,GHS SILAL,621802,
233,ARIYALUR,T.Palur,GHSS-KARAIKURICHI,MAIN ROADKARAIKURICHI,612904,
234,ARIYALUR,T.Palur,GHSS-KODALIKARUPPUR,HEADMASTER GHSS KODALIKARUPPUR MAIN ROAD KODALIKARUPPUR,612902,
235,ARIYALUR,T.Palur,GHSS-T.PALUR,HEAD MASTER GHSS T.PALUR MAIN ROAD T PALUR,612904,
236,ARIYALUR,T.Palur,GHSS-THIRUPURANTHAN,AGRAHARA STREETTHIRUPURANTHAN,621701,
237,ARIYALUR,T.Palur,GHSS-UDHAYANATHAM,HEADMASTER GHSS udayanatham Ariyalur district,612902,
238,ARIYALUR,T.Palur,GHSS-VIKKIRAMANGALAM,RAMAKRISHNAPILLAI THOTTAM SOUTH STREET VIKKIRAMANAGALAM,621704,
239,ARIYALUR,T.Palur,GHSS-Z.SUTHAMALLI,NORTH STREETSUTHAMALLI,621804,
240,ARIYALUR,T.Palur,GHS-TENKACHI PERUMAL NATHAM,HEADMASTER GHS THENKATCHIPERUMAL NATHAM MAIN ROAD THENKACHIPERUMALNATHAM,612904,
241,ARIYALUR,T.Palur,GHS-VENMANKONDAN,NORTH STVENMANKONDAN,621804,
